2026-09-11 20:43:47,698 | INFO | jarvis | Jarvis starting.
2026-09-11 20:43:47,699 | INFO | jarvis | Project directory: C:\Users\naren\Downloads\jarvis_windows_no_picovoice\jarvis
2026-09-11 20:43:47,699 | INFO | stt | Loading Vosk model: C:\Users\naren\Downloads\jarvis_windows_no_picovoice\vosk-model-small-en-us-0.15
2026-09-11 20:43:48,371 | INFO | stt | Vosk model loaded
2026-09-11 20:43:48,373 | WARNING | root | Tried to import the tflite runtime, but it was not found. Trying to switching to onnxruntime instead, if appropriate models are available.
2026-09-11 20:43:48,777 | INFO | wake_listener | Wake listener started; microphone capture active.
2026-09-11 20:44:13,073 | INFO | wake_listener | Wake listener released microphone.
2026-09-11 20:44:18,352 | INFO | jarvis | Jarvis starting.
2026-09-11 20:44:18,352 | INFO | jarvis | Project directory: C:\Users\naren\Downloads\jarvis_windows_no_picovoice\jarvis
2026-09-11 20:44:18,353 | INFO | stt | Loading Vosk model: C:\Users\naren\Downloads\jarvis_windows_no_picovoice\vosk-model-small-en-us-0.15
2026-09-11 20:44:19,018 | INFO | stt | Vosk model loaded
2026-09-11 20:44:19,019 | WARNING | root | Tried to import the tflite runtime, but it was not found. Trying to switching to onnxruntime instead, if appropriate models are available.
2026-09-11 20:44:19,377 | INFO | wake_listener | Wake listener started; microphone capture active.
2026-09-11 20:44:22,807 | INFO | wake_listener | Wake listener released microphone.
2026-09-11 20:45:43,749 | INFO | jarvis | Jarvis starting.
2026-09-11 20:45:43,750 | INFO | jarvis | Project directory: C:\Users\naren\Downloads\jarvis_windows_no_picovoice\jarvis
2026-09-11 20:45:43,750 | INFO | stt | Loading Vosk model: C:\Users\naren\Downloads\jarvis_windows_no_picovoice\vosk-model-small-en-us-0.15
2026-09-11 20:45:44,424 | INFO | stt | Vosk model loaded
2026-09-11 20:45:59,502 | INFO | jarvis | Jarvis starting.
2026-09-11 20:45:59,503 | INFO | jarvis | Project directory: C:\Users\naren\Downloads\jarvis_windows_no_picovoice\jarvis
2026-09-11 20:45:59,503 | INFO | stt | Loading Vosk model: C:\Users\naren\Downloads\jarvis_windows_no_picovoice\vosk-model-small-en-us-0.15
2026-09-11 20:46:00,204 | INFO | stt | Vosk model loaded
2026-09-11 20:47:09,461 | INFO | jarvis | Jarvis starting.
2026-09-11 20:47:09,461 | INFO | jarvis | Project directory: C:\Users\naren\Downloads\jarvis_windows_no_picovoice\jarvis
2026-09-11 20:47:09,461 | INFO | stt | Loading Vosk model: C:\Users\naren\Downloads\jarvis_windows_no_picovoice\vosk-model-small-en-us-0.15
2026-09-11 20:47:10,116 | INFO | stt | Vosk model loaded
2026-09-11 20:50:29,006 | INFO | jarvis | Jarvis starting.
2026-09-11 20:50:29,006 | INFO | jarvis | Project directory: C:\Users\naren\Downloads\jarvis_windows_no_picovoice\jarvis
2026-09-11 20:50:29,007 | INFO | stt | Loading Vosk model: C:\Users\naren\Downloads\jarvis_windows_no_picovoice\vosk-model-small-en-us-0.15
2026-09-11 20:50:29,749 | INFO | stt | Vosk model loaded
2026-09-11 20:50:29,896 | ERROR | jarvis | Assistant cycle failed; continuing.
Traceback (most recent call last):
  File "C:\Users\naren\Downloads\jarvis_windows_no_picovoice\jarvis\jarvis_main.py", line 138, in assistant_loop
    detected = wake_listener.listen_for_wake_word(
               ^^^^^^^^^^^^^^^^^^^^^^^^^^^^^^^^^^^
TypeError: listen_for_wake_word() got an unexpected keyword argument 'model'
2026-09-11 20:50:30,398 | ERROR | jarvis | Assistant cycle failed; continuing.
Traceback (most recent call last):
  File "C:\Users\naren\Downloads\jarvis_windows_no_picovoice\jarvis\jarvis_main.py", line 138, in assistant_loop
    detected = wake_listener.listen_for_wake_word(
               ^^^^^^^^^^^^^^^^^^^^^^^^^^^^^^^^^^^
TypeError: listen_for_wake_word() got an unexpected keyword argument 'model'
2026-09-11 20:50:30,900 | ERROR | jarvis | Assistant cycle failed; continuing.
Traceback (most recent call last):
  File "C:\Users\naren\Downloads\jarvis_windows_no_picovoice\jarvis\jarvis_main.py", line 138, in assistant_loop
    detected = wake_listener.listen_for_wake_word(
               ^^^^^^^^^^^^^^^^^^^^^^^^^^^^^^^^^^^
TypeError: listen_for_wake_word() got an unexpected keyword argument 'model'
2026-09-11 20:50:31,402 | ERROR | jarvis | Assistant cycle failed; continuing.
Traceback (most recent call last):
  File "C:\Users\naren\Downloads\jarvis_windows_no_picovoice\jarvis\jarvis_main.py", line 138, in assistant_loop
    detected = wake_listener.listen_for_wake_word(
               ^^^^^^^^^^^^^^^^^^^^^^^^^^^^^^^^^^^
TypeError: listen_for_wake_word() got an unexpected keyword argument 'model'
2026-09-11 20:50:31,903 | ERROR | jarvis | Assistant cycle failed; continuing.
Traceback (most recent call last):
  File "C:\Users\naren\Downloads\jarvis_windows_no_picovoice\jarvis\jarvis_main.py", line 138, in assistant_loop
    detected = wake_listener.listen_for_wake_word(
               ^^^^^^^^^^^^^^^^^^^^^^^^^^^^^^^^^^^
TypeError: listen_for_wake_word() got an unexpected keyword argument 'model'
2026-09-11 20:50:32,405 | ERROR | jarvis | Assistant cycle failed; continuing.
Traceback (most recent call last):
  File "C:\Users\naren\Downloads\jarvis_windows_no_picovoice\jarvis\jarvis_main.py", line 138, in assistant_loop
    detected = wake_listener.listen_for_wake_word(
               ^^^^^^^^^^^^^^^^^^^^^^^^^^^^^^^^^^^
TypeError: listen_for_wake_word() got an unexpected keyword argument 'model'
2026-09-11 20:50:32,906 | ERROR | jarvis | Assistant cycle failed; continuing.
Traceback (most recent call last):
  File "C:\Users\naren\Downloads\jarvis_windows_no_picovoice\jarvis\jarvis_main.py", line 138, in assistant_loop
    detected = wake_listener.listen_for_wake_word(
               ^^^^^^^^^^^^^^^^^^^^^^^^^^^^^^^^^^^
TypeError: listen_for_wake_word() got an unexpected keyword argument 'model'
2026-09-11 20:50:33,407 | ERROR | jarvis | Assistant cycle failed; continuing.
Traceback (most recent call last):
  File "C:\Users\naren\Downloads\jarvis_windows_no_picovoice\jarvis\jarvis_main.py", line 138, in assistant_loop
    detected = wake_listener.listen_for_wake_word(
               ^^^^^^^^^^^^^^^^^^^^^^^^^^^^^^^^^^^
TypeError: listen_for_wake_word() got an unexpected keyword argument 'model'
2026-09-11 20:50:33,908 | ERROR | jarvis | Assistant cycle failed; continuing.
Traceback (most recent call last):
  File "C:\Users\naren\Downloads\jarvis_windows_no_picovoice\jarvis\jarvis_main.py", line 138, in assistant_loop
    detected = wake_listener.listen_for_wake_word(
               ^^^^^^^^^^^^^^^^^^^^^^^^^^^^^^^^^^^
TypeError: listen_for_wake_word() got an unexpected keyword argument 'model'
2026-09-11 20:50:34,410 | ERROR | jarvis | Assistant cycle failed; continuing.
Traceback (most recent call last):
  File "C:\Users\naren\Downloads\jarvis_windows_no_picovoice\jarvis\jarvis_main.py", line 138, in assistant_loop
    detected = wake_listener.listen_for_wake_word(
               ^^^^^^^^^^^^^^^^^^^^^^^^^^^^^^^^^^^
TypeError: listen_for_wake_word() got an unexpected keyword argument 'model'
2026-09-11 20:50:34,911 | ERROR | jarvis | Assistant cycle failed; continuing.
Traceback (most recent call last):
  File "C:\Users\naren\Downloads\jarvis_windows_no_picovoice\jarvis\jarvis_main.py", line 138, in assistant_loop
    detected = wake_listener.listen_for_wake_word(
               ^^^^^^^^^^^^^^^^^^^^^^^^^^^^^^^^^^^
TypeError: listen_for_wake_word() got an unexpected keyword argument 'model'
2026-09-11 20:50:35,411 | ERROR | jarvis | Assistant cycle failed; continuing.
Traceback (most recent call last):
  File "C:\Users\naren\Downloads\jarvis_windows_no_picovoice\jarvis\jarvis_main.py", line 138, in assistant_loop
    detected = wake_listener.listen_for_wake_word(
               ^^^^^^^^^^^^^^^^^^^^^^^^^^^^^^^^^^^
TypeError: listen_for_wake_word() got an unexpected keyword argument 'model'
2026-09-11 20:50:35,912 | ERROR | jarvis | Assistant cycle failed; continuing.
Traceback (most recent call last):
  File "C:\Users\naren\Downloads\jarvis_windows_no_picovoice\jarvis\jarvis_main.py", line 138, in assistant_loop
    detected = wake_listener.listen_for_wake_word(
               ^^^^^^^^^^^^^^^^^^^^^^^^^^^^^^^^^^^
TypeError: listen_for_wake_word() got an unexpected keyword argument 'model'
2026-09-11 20:50:36,413 | ERROR | jarvis | Assistant cycle failed; continuing.
Traceback (most recent call last):
  File "C:\Users\naren\Downloads\jarvis_windows_no_picovoice\jarvis\jarvis_main.py", line 138, in assistant_loop
    detected = wake_listener.listen_for_wake_word(
               ^^^^^^^^^^^^^^^^^^^^^^^^^^^^^^^^^^^
TypeError: listen_for_wake_word() got an unexpected keyword argument 'model'
2026-09-11 20:50:36,913 | ERROR | jarvis | Assistant cycle failed; continuing.
Traceback (most recent call last):
  File "C:\Users\naren\Downloads\jarvis_windows_no_picovoice\jarvis\jarvis_main.py", line 138, in assistant_loop
    detected = wake_listener.listen_for_wake_word(
               ^^^^^^^^^^^^^^^^^^^^^^^^^^^^^^^^^^^
TypeError: listen_for_wake_word() got an unexpected keyword argument 'model'
2026-09-11 20:50:37,414 | ERROR | jarvis | Assistant cycle failed; continuing.
Traceback (most recent call last):
  File "C:\Users\naren\Downloads\jarvis_windows_no_picovoice\jarvis\jarvis_main.py", line 138, in assistant_loop
    detected = wake_listener.listen_for_wake_word(
               ^^^^^^^^^^^^^^^^^^^^^^^^^^^^^^^^^^^
TypeError: listen_for_wake_word() got an unexpected keyword argument 'model'
2026-09-11 20:50:37,915 | ERROR | jarvis | Assistant cycle failed; continuing.
Traceback (most recent call last):
  File "C:\Users\naren\Downloads\jarvis_windows_no_picovoice\jarvis\jarvis_main.py", line 138, in assistant_loop
    detected = wake_listener.listen_for_wake_word(
               ^^^^^^^^^^^^^^^^^^^^^^^^^^^^^^^^^^^
TypeError: listen_for_wake_word() got an unexpected keyword argument 'model'
2026-09-11 20:50:38,417 | ERROR | jarvis | Assistant cycle failed; continuing.
Traceback (most recent call last):
  File "C:\Users\naren\Downloads\jarvis_windows_no_picovoice\jarvis\jarvis_main.py", line 138, in assistant_loop
    detected = wake_listener.listen_for_wake_word(
               ^^^^^^^^^^^^^^^^^^^^^^^^^^^^^^^^^^^
TypeError: listen_for_wake_word() got an unexpected keyword argument 'model'
2026-09-11 20:50:38,917 | ERROR | jarvis | Assistant cycle failed; continuing.
Traceback (most recent call last):
  File "C:\Users\naren\Downloads\jarvis_windows_no_picovoice\jarvis\jarvis_main.py", line 138, in assistant_loop
    detected = wake_listener.listen_for_wake_word(
               ^^^^^^^^^^^^^^^^^^^^^^^^^^^^^^^^^^^
TypeError: listen_for_wake_word() got an unexpected keyword argument 'model'
2026-09-11 20:50:39,418 | ERROR | jarvis | Assistant cycle failed; continuing.
Traceback (most recent call last):
  File "C:\Users\naren\Downloads\jarvis_windows_no_picovoice\jarvis\jarvis_main.py", line 138, in assistant_loop
    detected = wake_listener.listen_for_wake_word(
               ^^^^^^^^^^^^^^^^^^^^^^^^^^^^^^^^^^^
TypeError: listen_for_wake_word() got an unexpected keyword argument 'model'
2026-09-11 20:50:39,919 | ERROR | jarvis | Assistant cycle failed; continuing.
Traceback (most recent call last):
  File "C:\Users\naren\Downloads\jarvis_windows_no_picovoice\jarvis\jarvis_main.py", line 138, in assistant_loop
    detected = wake_listener.listen_for_wake_word(
               ^^^^^^^^^^^^^^^^^^^^^^^^^^^^^^^^^^^
TypeError: listen_for_wake_word() got an unexpected keyword argument 'model'
2026-09-11 20:50:40,420 | ERROR | jarvis | Assistant cycle failed; continuing.
Traceback (most recent call last):
  File "C:\Users\naren\Downloads\jarvis_windows_no_picovoice\jarvis\jarvis_main.py", line 138, in assistant_loop
    detected = wake_listener.listen_for_wake_word(
               ^^^^^^^^^^^^^^^^^^^^^^^^^^^^^^^^^^^
TypeError: listen_for_wake_word() got an unexpected keyword argument 'model'
2026-09-11 20:50:40,921 | ERROR | jarvis | Assistant cycle failed; continuing.
Traceback (most recent call last):
  File "C:\Users\naren\Downloads\jarvis_windows_no_picovoice\jarvis\jarvis_main.py", line 138, in assistant_loop
    detected = wake_listener.listen_for_wake_word(
               ^^^^^^^^^^^^^^^^^^^^^^^^^^^^^^^^^^^
TypeError: listen_for_wake_word() got an unexpected keyword argument 'model'
2026-09-11 20:50:41,421 | ERROR | jarvis | Assistant cycle failed; continuing.
Traceback (most recent call last):
  File "C:\Users\naren\Downloads\jarvis_windows_no_picovoice\jarvis\jarvis_main.py", line 138, in assistant_loop
    detected = wake_listener.listen_for_wake_word(
               ^^^^^^^^^^^^^^^^^^^^^^^^^^^^^^^^^^^
TypeError: listen_for_wake_word() got an unexpected keyword argument 'model'
2026-09-11 20:50:41,923 | ERROR | jarvis | Assistant cycle failed; continuing.
Traceback (most recent call last):
  File "C:\Users\naren\Downloads\jarvis_windows_no_picovoice\jarvis\jarvis_main.py", line 138, in assistant_loop
    detected = wake_listener.listen_for_wake_word(
               ^^^^^^^^^^^^^^^^^^^^^^^^^^^^^^^^^^^
TypeError: listen_for_wake_word() got an unexpected keyword argument 'model'
2026-09-11 20:50:42,423 | ERROR | jarvis | Assistant cycle failed; continuing.
Traceback (most recent call last):
  File "C:\Users\naren\Downloads\jarvis_windows_no_picovoice\jarvis\jarvis_main.py", line 138, in assistant_loop
    detected = wake_listener.listen_for_wake_word(
               ^^^^^^^^^^^^^^^^^^^^^^^^^^^^^^^^^^^
TypeError: listen_for_wake_word() got an unexpected keyword argument 'model'
2026-09-11 20:50:42,924 | ERROR | jarvis | Assistant cycle failed; continuing.
Traceback (most recent call last):
  File "C:\Users\naren\Downloads\jarvis_windows_no_picovoice\jarvis\jarvis_main.py", line 138, in assistant_loop
    detected = wake_listener.listen_for_wake_word(
               ^^^^^^^^^^^^^^^^^^^^^^^^^^^^^^^^^^^
TypeError: listen_for_wake_word() got an unexpected keyword argument 'model'
2026-09-11 20:50:43,425 | ERROR | jarvis | Assistant cycle failed; continuing.
Traceback (most recent call last):
  File "C:\Users\naren\Downloads\jarvis_windows_no_picovoice\jarvis\jarvis_main.py", line 138, in assistant_loop
    detected = wake_listener.listen_for_wake_word(
               ^^^^^^^^^^^^^^^^^^^^^^^^^^^^^^^^^^^
TypeError: listen_for_wake_word() got an unexpected keyword argument 'model'
2026-09-11 20:50:43,926 | ERROR | jarvis | Assistant cycle failed; continuing.
Traceback (most recent call last):
  File "C:\Users\naren\Downloads\jarvis_windows_no_picovoice\jarvis\jarvis_main.py", line 138, in assistant_loop
    detected = wake_listener.listen_for_wake_word(
               ^^^^^^^^^^^^^^^^^^^^^^^^^^^^^^^^^^^
TypeError: listen_for_wake_word() got an unexpected keyword argument 'model'
2026-09-11 20:50:44,427 | ERROR | jarvis | Assistant cycle failed; continuing.
Traceback (most recent call last):
  File "C:\Users\naren\Downloads\jarvis_windows_no_picovoice\jarvis\jarvis_main.py", line 138, in assistant_loop
    detected = wake_listener.listen_for_wake_word(
               ^^^^^^^^^^^^^^^^^^^^^^^^^^^^^^^^^^^
TypeError: listen_for_wake_word() got an unexpected keyword argument 'model'
2026-09-11 20:50:44,928 | ERROR | jarvis | Assistant cycle failed; continuing.
Traceback (most recent call last):
  File "C:\Users\naren\Downloads\jarvis_windows_no_picovoice\jarvis\jarvis_main.py", line 138, in assistant_loop
    detected = wake_listener.listen_for_wake_word(
               ^^^^^^^^^^^^^^^^^^^^^^^^^^^^^^^^^^^
TypeError: listen_for_wake_word() got an unexpected keyword argument 'model'
2026-09-11 20:50:45,429 | ERROR | jarvis | Assistant cycle failed; continuing.
Traceback (most recent call last):
  File "C:\Users\naren\Downloads\jarvis_windows_no_picovoice\jarvis\jarvis_main.py", line 138, in assistant_loop
    detected = wake_listener.listen_for_wake_word(
               ^^^^^^^^^^^^^^^^^^^^^^^^^^^^^^^^^^^
TypeError: listen_for_wake_word() got an unexpected keyword argument 'model'
2026-09-11 20:50:45,930 | ERROR | jarvis | Assistant cycle failed; continuing.
Traceback (most recent call last):
  File "C:\Users\naren\Downloads\jarvis_windows_no_picovoice\jarvis\jarvis_main.py", line 138, in assistant_loop
    detected = wake_listener.listen_for_wake_word(
               ^^^^^^^^^^^^^^^^^^^^^^^^^^^^^^^^^^^
TypeError: listen_for_wake_word() got an unexpected keyword argument 'model'
2026-09-11 20:50:46,431 | ERROR | jarvis | Assistant cycle failed; continuing.
Traceback (most recent call last):
  File "C:\Users\naren\Downloads\jarvis_windows_no_picovoice\jarvis\jarvis_main.py", line 138, in assistant_loop
    detected = wake_listener.listen_for_wake_word(
               ^^^^^^^^^^^^^^^^^^^^^^^^^^^^^^^^^^^
TypeError: listen_for_wake_word() got an unexpected keyword argument 'model'
2026-09-11 20:50:46,931 | ERROR | jarvis | Assistant cycle failed; continuing.
Traceback (most recent call last):
  File "C:\Users\naren\Downloads\jarvis_windows_no_picovoice\jarvis\jarvis_main.py", line 138, in assistant_loop
    detected = wake_listener.listen_for_wake_word(
               ^^^^^^^^^^^^^^^^^^^^^^^^^^^^^^^^^^^
TypeError: listen_for_wake_word() got an unexpected keyword argument 'model'
2026-09-11 20:50:47,432 | ERROR | jarvis | Assistant cycle failed; continuing.
Traceback (most recent call last):
  File "C:\Users\naren\Downloads\jarvis_windows_no_picovoice\jarvis\jarvis_main.py", line 138, in assistant_loop
    detected = wake_listener.listen_for_wake_word(
               ^^^^^^^^^^^^^^^^^^^^^^^^^^^^^^^^^^^
TypeError: listen_for_wake_word() got an unexpected keyword argument 'model'
2026-09-11 20:50:47,933 | ERROR | jarvis | Assistant cycle failed; continuing.
Traceback (most recent call last):
  File "C:\Users\naren\Downloads\jarvis_windows_no_picovoice\jarvis\jarvis_main.py", line 138, in assistant_loop
    detected = wake_listener.listen_for_wake_word(
               ^^^^^^^^^^^^^^^^^^^^^^^^^^^^^^^^^^^
TypeError: listen_for_wake_word() got an unexpected keyword argument 'model'
2026-09-11 20:50:48,434 | ERROR | jarvis | Assistant cycle failed; continuing.
Traceback (most recent call last):
  File "C:\Users\naren\Downloads\jarvis_windows_no_picovoice\jarvis\jarvis_main.py", line 138, in assistant_loop
    detected = wake_listener.listen_for_wake_word(
               ^^^^^^^^^^^^^^^^^^^^^^^^^^^^^^^^^^^
TypeError: listen_for_wake_word() got an unexpected keyword argument 'model'
2026-09-11 20:50:48,935 | ERROR | jarvis | Assistant cycle failed; continuing.
Traceback (most recent call last):
  File "C:\Users\naren\Downloads\jarvis_windows_no_picovoice\jarvis\jarvis_main.py", line 138, in assistant_loop
    detected = wake_listener.listen_for_wake_word(
               ^^^^^^^^^^^^^^^^^^^^^^^^^^^^^^^^^^^
TypeError: listen_for_wake_word() got an unexpected keyword argument 'model'
2026-09-11 20:50:49,436 | ERROR | jarvis | Assistant cycle failed; continuing.
Traceback (most recent call last):
  File "C:\Users\naren\Downloads\jarvis_windows_no_picovoice\jarvis\jarvis_main.py", line 138, in assistant_loop
    detected = wake_listener.listen_for_wake_word(
               ^^^^^^^^^^^^^^^^^^^^^^^^^^^^^^^^^^^
TypeError: listen_for_wake_word() got an unexpected keyword argument 'model'
2026-09-11 20:50:49,937 | ERROR | jarvis | Assistant cycle failed; continuing.
Traceback (most recent call last):
  File "C:\Users\naren\Downloads\jarvis_windows_no_picovoice\jarvis\jarvis_main.py", line 138, in assistant_loop
    detected = wake_listener.listen_for_wake_word(
               ^^^^^^^^^^^^^^^^^^^^^^^^^^^^^^^^^^^
TypeError: listen_for_wake_word() got an unexpected keyword argument 'model'
2026-09-11 20:50:50,438 | ERROR | jarvis | Assistant cycle failed; continuing.
Traceback (most recent call last):
  File "C:\Users\naren\Downloads\jarvis_windows_no_picovoice\jarvis\jarvis_main.py", line 138, in assistant_loop
    detected = wake_listener.listen_for_wake_word(
               ^^^^^^^^^^^^^^^^^^^^^^^^^^^^^^^^^^^
TypeError: listen_for_wake_word() got an unexpected keyword argument 'model'
2026-09-11 20:50:50,939 | ERROR | jarvis | Assistant cycle failed; continuing.
Traceback (most recent call last):
  File "C:\Users\naren\Downloads\jarvis_windows_no_picovoice\jarvis\jarvis_main.py", line 138, in assistant_loop
    detected = wake_listener.listen_for_wake_word(
               ^^^^^^^^^^^^^^^^^^^^^^^^^^^^^^^^^^^
TypeError: listen_for_wake_word() got an unexpected keyword argument 'model'
2026-09-11 20:50:51,440 | ERROR | jarvis | Assistant cycle failed; continuing.
Traceback (most recent call last):
  File "C:\Users\naren\Downloads\jarvis_windows_no_picovoice\jarvis\jarvis_main.py", line 138, in assistant_loop
    detected = wake_listener.listen_for_wake_word(
               ^^^^^^^^^^^^^^^^^^^^^^^^^^^^^^^^^^^
TypeError: listen_for_wake_word() got an unexpected keyword argument 'model'
2026-09-11 20:50:51,941 | ERROR | jarvis | Assistant cycle failed; continuing.
Traceback (most recent call last):
  File "C:\Users\naren\Downloads\jarvis_windows_no_picovoice\jarvis\jarvis_main.py", line 138, in assistant_loop
    detected = wake_listener.listen_for_wake_word(
               ^^^^^^^^^^^^^^^^^^^^^^^^^^^^^^^^^^^
TypeError: listen_for_wake_word() got an unexpected keyword argument 'model'
2026-09-11 20:50:52,442 | ERROR | jarvis | Assistant cycle failed; continuing.
Traceback (most recent call last):
  File "C:\Users\naren\Downloads\jarvis_windows_no_picovoice\jarvis\jarvis_main.py", line 138, in assistant_loop
    detected = wake_listener.listen_for_wake_word(
               ^^^^^^^^^^^^^^^^^^^^^^^^^^^^^^^^^^^
TypeError: listen_for_wake_word() got an unexpected keyword argument 'model'
2026-09-11 20:50:52,944 | ERROR | jarvis | Assistant cycle failed; continuing.
Traceback (most recent call last):
  File "C:\Users\naren\Downloads\jarvis_windows_no_picovoice\jarvis\jarvis_main.py", line 138, in assistant_loop
    detected = wake_listener.listen_for_wake_word(
               ^^^^^^^^^^^^^^^^^^^^^^^^^^^^^^^^^^^
TypeError: listen_for_wake_word() got an unexpected keyword argument 'model'
2026-09-11 20:50:53,445 | ERROR | jarvis | Assistant cycle failed; continuing.
Traceback (most recent call last):
  File "C:\Users\naren\Downloads\jarvis_windows_no_picovoice\jarvis\jarvis_main.py", line 138, in assistant_loop
    detected = wake_listener.listen_for_wake_word(
               ^^^^^^^^^^^^^^^^^^^^^^^^^^^^^^^^^^^
TypeError: listen_for_wake_word() got an unexpected keyword argument 'model'
2026-09-11 20:50:53,946 | ERROR | jarvis | Assistant cycle failed; continuing.
Traceback (most recent call last):
  File "C:\Users\naren\Downloads\jarvis_windows_no_picovoice\jarvis\jarvis_main.py", line 138, in assistant_loop
    detected = wake_listener.listen_for_wake_word(
               ^^^^^^^^^^^^^^^^^^^^^^^^^^^^^^^^^^^
TypeError: listen_for_wake_word() got an unexpected keyword argument 'model'
2026-09-11 20:50:54,447 | ERROR | jarvis | Assistant cycle failed; continuing.
Traceback (most recent call last):
  File "C:\Users\naren\Downloads\jarvis_windows_no_picovoice\jarvis\jarvis_main.py", line 138, in assistant_loop
    detected = wake_listener.listen_for_wake_word(
               ^^^^^^^^^^^^^^^^^^^^^^^^^^^^^^^^^^^
TypeError: listen_for_wake_word() got an unexpected keyword argument 'model'
2026-09-11 20:50:54,948 | ERROR | jarvis | Assistant cycle failed; continuing.
Traceback (most recent call last):
  File "C:\Users\naren\Downloads\jarvis_windows_no_picovoice\jarvis\jarvis_main.py", line 138, in assistant_loop
    detected = wake_listener.listen_for_wake_word(
               ^^^^^^^^^^^^^^^^^^^^^^^^^^^^^^^^^^^
TypeError: listen_for_wake_word() got an unexpected keyword argument 'model'
2026-09-11 20:50:55,449 | ERROR | jarvis | Assistant cycle failed; continuing.
Traceback (most recent call last):
  File "C:\Users\naren\Downloads\jarvis_windows_no_picovoice\jarvis\jarvis_main.py", line 138, in assistant_loop
    detected = wake_listener.listen_for_wake_word(
               ^^^^^^^^^^^^^^^^^^^^^^^^^^^^^^^^^^^
TypeError: listen_for_wake_word() got an unexpected keyword argument 'model'
2026-09-11 20:50:55,950 | ERROR | jarvis | Assistant cycle failed; continuing.
Traceback (most recent call last):
  File "C:\Users\naren\Downloads\jarvis_windows_no_picovoice\jarvis\jarvis_main.py", line 138, in assistant_loop
    detected = wake_listener.listen_for_wake_word(
               ^^^^^^^^^^^^^^^^^^^^^^^^^^^^^^^^^^^
TypeError: listen_for_wake_word() got an unexpected keyword argument 'model'
2026-09-11 20:50:56,451 | ERROR | jarvis | Assistant cycle failed; continuing.
Traceback (most recent call last):
  File "C:\Users\naren\Downloads\jarvis_windows_no_picovoice\jarvis\jarvis_main.py", line 138, in assistant_loop
    detected = wake_listener.listen_for_wake_word(
               ^^^^^^^^^^^^^^^^^^^^^^^^^^^^^^^^^^^
TypeError: listen_for_wake_word() got an unexpected keyword argument 'model'
2026-09-11 20:50:56,952 | ERROR | jarvis | Assistant cycle failed; continuing.
Traceback (most recent call last):
  File "C:\Users\naren\Downloads\jarvis_windows_no_picovoice\jarvis\jarvis_main.py", line 138, in assistant_loop
    detected = wake_listener.listen_for_wake_word(
               ^^^^^^^^^^^^^^^^^^^^^^^^^^^^^^^^^^^
TypeError: listen_for_wake_word() got an unexpected keyword argument 'model'
2026-09-11 20:50:57,452 | ERROR | jarvis | Assistant cycle failed; continuing.
Traceback (most recent call last):
  File "C:\Users\naren\Downloads\jarvis_windows_no_picovoice\jarvis\jarvis_main.py", line 138, in assistant_loop
    detected = wake_listener.listen_for_wake_word(
               ^^^^^^^^^^^^^^^^^^^^^^^^^^^^^^^^^^^
TypeError: listen_for_wake_word() got an unexpected keyword argument 'model'
2026-09-11 20:50:57,954 | ERROR | jarvis | Assistant cycle failed; continuing.
Traceback (most recent call last):
  File "C:\Users\naren\Downloads\jarvis_windows_no_picovoice\jarvis\jarvis_main.py", line 138, in assistant_loop
    detected = wake_listener.listen_for_wake_word(
               ^^^^^^^^^^^^^^^^^^^^^^^^^^^^^^^^^^^
TypeError: listen_for_wake_word() got an unexpected keyword argument 'model'
2026-09-11 20:50:58,455 | ERROR | jarvis | Assistant cycle failed; continuing.
Traceback (most recent call last):
  File "C:\Users\naren\Downloads\jarvis_windows_no_picovoice\jarvis\jarvis_main.py", line 138, in assistant_loop
    detected = wake_listener.listen_for_wake_word(
               ^^^^^^^^^^^^^^^^^^^^^^^^^^^^^^^^^^^
TypeError: listen_for_wake_word() got an unexpected keyword argument 'model'
2026-09-11 20:50:58,956 | ERROR | jarvis | Assistant cycle failed; continuing.
Traceback (most recent call last):
  File "C:\Users\naren\Downloads\jarvis_windows_no_picovoice\jarvis\jarvis_main.py", line 138, in assistant_loop
    detected = wake_listener.listen_for_wake_word(
               ^^^^^^^^^^^^^^^^^^^^^^^^^^^^^^^^^^^
TypeError: listen_for_wake_word() got an unexpected keyword argument 'model'
2026-09-11 20:50:59,457 | ERROR | jarvis | Assistant cycle failed; continuing.
Traceback (most recent call last):
  File "C:\Users\naren\Downloads\jarvis_windows_no_picovoice\jarvis\jarvis_main.py", line 138, in assistant_loop
    detected = wake_listener.listen_for_wake_word(
               ^^^^^^^^^^^^^^^^^^^^^^^^^^^^^^^^^^^
TypeError: listen_for_wake_word() got an unexpected keyword argument 'model'
2026-09-11 20:50:59,957 | ERROR | jarvis | Assistant cycle failed; continuing.
Traceback (most recent call last):
  File "C:\Users\naren\Downloads\jarvis_windows_no_picovoice\jarvis\jarvis_main.py", line 138, in assistant_loop
    detected = wake_listener.listen_for_wake_word(
               ^^^^^^^^^^^^^^^^^^^^^^^^^^^^^^^^^^^
TypeError: listen_for_wake_word() got an unexpected keyword argument 'model'
2026-09-11 20:51:00,458 | ERROR | jarvis | Assistant cycle failed; continuing.
Traceback (most recent call last):
  File "C:\Users\naren\Downloads\jarvis_windows_no_picovoice\jarvis\jarvis_main.py", line 138, in assistant_loop
    detected = wake_listener.listen_for_wake_word(
               ^^^^^^^^^^^^^^^^^^^^^^^^^^^^^^^^^^^
TypeError: listen_for_wake_word() got an unexpected keyword argument 'model'
2026-09-11 20:51:00,959 | ERROR | jarvis | Assistant cycle failed; continuing.
Traceback (most recent call last):
  File "C:\Users\naren\Downloads\jarvis_windows_no_picovoice\jarvis\jarvis_main.py", line 138, in assistant_loop
    detected = wake_listener.listen_for_wake_word(
               ^^^^^^^^^^^^^^^^^^^^^^^^^^^^^^^^^^^
TypeError: listen_for_wake_word() got an unexpected keyword argument 'model'
2026-09-11 20:51:01,460 | ERROR | jarvis | Assistant cycle failed; continuing.
Traceback (most recent call last):
  File "C:\Users\naren\Downloads\jarvis_windows_no_picovoice\jarvis\jarvis_main.py", line 138, in assistant_loop
    detected = wake_listener.listen_for_wake_word(
               ^^^^^^^^^^^^^^^^^^^^^^^^^^^^^^^^^^^
TypeError: listen_for_wake_word() got an unexpected keyword argument 'model'
2026-09-11 20:51:01,962 | ERROR | jarvis | Assistant cycle failed; continuing.
Traceback (most recent call last):
  File "C:\Users\naren\Downloads\jarvis_windows_no_picovoice\jarvis\jarvis_main.py", line 138, in assistant_loop
    detected = wake_listener.listen_for_wake_word(
               ^^^^^^^^^^^^^^^^^^^^^^^^^^^^^^^^^^^
TypeError: listen_for_wake_word() got an unexpected keyword argument 'model'
2026-09-11 20:51:02,463 | ERROR | jarvis | Assistant cycle failed; continuing.
Traceback (most recent call last):
  File "C:\Users\naren\Downloads\jarvis_windows_no_picovoice\jarvis\jarvis_main.py", line 138, in assistant_loop
    detected = wake_listener.listen_for_wake_word(
               ^^^^^^^^^^^^^^^^^^^^^^^^^^^^^^^^^^^
TypeError: listen_for_wake_word() got an unexpected keyword argument 'model'
2026-09-11 20:51:02,964 | ERROR | jarvis | Assistant cycle failed; continuing.
Traceback (most recent call last):
  File "C:\Users\naren\Downloads\jarvis_windows_no_picovoice\jarvis\jarvis_main.py", line 138, in assistant_loop
    detected = wake_listener.listen_for_wake_word(
               ^^^^^^^^^^^^^^^^^^^^^^^^^^^^^^^^^^^
TypeError: listen_for_wake_word() got an unexpected keyword argument 'model'
2026-09-11 20:51:03,464 | ERROR | jarvis | Assistant cycle failed; continuing.
Traceback (most recent call last):
  File "C:\Users\naren\Downloads\jarvis_windows_no_picovoice\jarvis\jarvis_main.py", line 138, in assistant_loop
    detected = wake_listener.listen_for_wake_word(
               ^^^^^^^^^^^^^^^^^^^^^^^^^^^^^^^^^^^
TypeError: listen_for_wake_word() got an unexpected keyword argument 'model'
2026-09-11 20:51:03,965 | ERROR | jarvis | Assistant cycle failed; continuing.
Traceback (most recent call last):
  File "C:\Users\naren\Downloads\jarvis_windows_no_picovoice\jarvis\jarvis_main.py", line 138, in assistant_loop
    detected = wake_listener.listen_for_wake_word(
               ^^^^^^^^^^^^^^^^^^^^^^^^^^^^^^^^^^^
TypeError: listen_for_wake_word() got an unexpected keyword argument 'model'
2026-09-11 20:51:04,466 | ERROR | jarvis | Assistant cycle failed; continuing.
Traceback (most recent call last):
  File "C:\Users\naren\Downloads\jarvis_windows_no_picovoice\jarvis\jarvis_main.py", line 138, in assistant_loop
    detected = wake_listener.listen_for_wake_word(
               ^^^^^^^^^^^^^^^^^^^^^^^^^^^^^^^^^^^
TypeError: listen_for_wake_word() got an unexpected keyword argument 'model'
2026-09-11 20:51:04,967 | ERROR | jarvis | Assistant cycle failed; continuing.
Traceback (most recent call last):
  File "C:\Users\naren\Downloads\jarvis_windows_no_picovoice\jarvis\jarvis_main.py", line 138, in assistant_loop
    detected = wake_listener.listen_for_wake_word(
               ^^^^^^^^^^^^^^^^^^^^^^^^^^^^^^^^^^^
TypeError: listen_for_wake_word() got an unexpected keyword argument 'model'
2026-09-11 20:51:05,468 | ERROR | jarvis | Assistant cycle failed; continuing.
Traceback (most recent call last):
  File "C:\Users\naren\Downloads\jarvis_windows_no_picovoice\jarvis\jarvis_main.py", line 138, in assistant_loop
    detected = wake_listener.listen_for_wake_word(
               ^^^^^^^^^^^^^^^^^^^^^^^^^^^^^^^^^^^
TypeError: listen_for_wake_word() got an unexpected keyword argument 'model'
2026-09-11 20:51:05,969 | ERROR | jarvis | Assistant cycle failed; continuing.
Traceback (most recent call last):
  File "C:\Users\naren\Downloads\jarvis_windows_no_picovoice\jarvis\jarvis_main.py", line 138, in assistant_loop
    detected = wake_listener.listen_for_wake_word(
               ^^^^^^^^^^^^^^^^^^^^^^^^^^^^^^^^^^^
TypeError: listen_for_wake_word() got an unexpected keyword argument 'model'
2026-09-11 20:51:06,470 | ERROR | jarvis | Assistant cycle failed; continuing.
Traceback (most recent call last):
  File "C:\Users\naren\Downloads\jarvis_windows_no_picovoice\jarvis\jarvis_main.py", line 138, in assistant_loop
    detected = wake_listener.listen_for_wake_word(
               ^^^^^^^^^^^^^^^^^^^^^^^^^^^^^^^^^^^
TypeError: listen_for_wake_word() got an unexpected keyword argument 'model'
2026-09-11 20:51:06,971 | ERROR | jarvis | Assistant cycle failed; continuing.
Traceback (most recent call last):
  File "C:\Users\naren\Downloads\jarvis_windows_no_picovoice\jarvis\jarvis_main.py", line 138, in assistant_loop
    detected = wake_listener.listen_for_wake_word(
               ^^^^^^^^^^^^^^^^^^^^^^^^^^^^^^^^^^^
TypeError: listen_for_wake_word() got an unexpected keyword argument 'model'
2026-09-11 20:51:07,472 | ERROR | jarvis | Assistant cycle failed; continuing.
Traceback (most recent call last):
  File "C:\Users\naren\Downloads\jarvis_windows_no_picovoice\jarvis\jarvis_main.py", line 138, in assistant_loop
    detected = wake_listener.listen_for_wake_word(
               ^^^^^^^^^^^^^^^^^^^^^^^^^^^^^^^^^^^
TypeError: listen_for_wake_word() got an unexpected keyword argument 'model'
2026-09-11 20:51:07,972 | ERROR | jarvis | Assistant cycle failed; continuing.
Traceback (most recent call last):
  File "C:\Users\naren\Downloads\jarvis_windows_no_picovoice\jarvis\jarvis_main.py", line 138, in assistant_loop
    detected = wake_listener.listen_for_wake_word(
               ^^^^^^^^^^^^^^^^^^^^^^^^^^^^^^^^^^^
TypeError: listen_for_wake_word() got an unexpected keyword argument 'model'
2026-09-11 20:51:08,473 | ERROR | jarvis | Assistant cycle failed; continuing.
Traceback (most recent call last):
  File "C:\Users\naren\Downloads\jarvis_windows_no_picovoice\jarvis\jarvis_main.py", line 138, in assistant_loop
    detected = wake_listener.listen_for_wake_word(
               ^^^^^^^^^^^^^^^^^^^^^^^^^^^^^^^^^^^
TypeError: listen_for_wake_word() got an unexpected keyword argument 'model'
2026-09-11 20:51:08,974 | ERROR | jarvis | Assistant cycle failed; continuing.
Traceback (most recent call last):
  File "C:\Users\naren\Downloads\jarvis_windows_no_picovoice\jarvis\jarvis_main.py", line 138, in assistant_loop
    detected = wake_listener.listen_for_wake_word(
               ^^^^^^^^^^^^^^^^^^^^^^^^^^^^^^^^^^^
TypeError: listen_for_wake_word() got an unexpected keyword argument 'model'
2026-09-11 20:51:09,475 | ERROR | jarvis | Assistant cycle failed; continuing.
Traceback (most recent call last):
  File "C:\Users\naren\Downloads\jarvis_windows_no_picovoice\jarvis\jarvis_main.py", line 138, in assistant_loop
    detected = wake_listener.listen_for_wake_word(
               ^^^^^^^^^^^^^^^^^^^^^^^^^^^^^^^^^^^
TypeError: listen_for_wake_word() got an unexpected keyword argument 'model'
2026-09-11 20:51:09,976 | ERROR | jarvis | Assistant cycle failed; continuing.
Traceback (most recent call last):
  File "C:\Users\naren\Downloads\jarvis_windows_no_picovoice\jarvis\jarvis_main.py", line 138, in assistant_loop
    detected = wake_listener.listen_for_wake_word(
               ^^^^^^^^^^^^^^^^^^^^^^^^^^^^^^^^^^^
TypeError: listen_for_wake_word() got an unexpected keyword argument 'model'
2026-09-11 20:51:10,478 | ERROR | jarvis | Assistant cycle failed; continuing.
Traceback (most recent call last):
  File "C:\Users\naren\Downloads\jarvis_windows_no_picovoice\jarvis\jarvis_main.py", line 138, in assistant_loop
    detected = wake_listener.listen_for_wake_word(
               ^^^^^^^^^^^^^^^^^^^^^^^^^^^^^^^^^^^
TypeError: listen_for_wake_word() got an unexpected keyword argument 'model'
2026-09-11 20:51:10,979 | ERROR | jarvis | Assistant cycle failed; continuing.
Traceback (most recent call last):
  File "C:\Users\naren\Downloads\jarvis_windows_no_picovoice\jarvis\jarvis_main.py", line 138, in assistant_loop
    detected = wake_listener.listen_for_wake_word(
               ^^^^^^^^^^^^^^^^^^^^^^^^^^^^^^^^^^^
TypeError: listen_for_wake_word() got an unexpected keyword argument 'model'
2026-09-11 20:51:11,480 | ERROR | jarvis | Assistant cycle failed; continuing.
Traceback (most recent call last):
  File "C:\Users\naren\Downloads\jarvis_windows_no_picovoice\jarvis\jarvis_main.py", line 138, in assistant_loop
    detected = wake_listener.listen_for_wake_word(
               ^^^^^^^^^^^^^^^^^^^^^^^^^^^^^^^^^^^
TypeError: listen_for_wake_word() got an unexpected keyword argument 'model'
2026-09-11 20:51:11,981 | ERROR | jarvis | Assistant cycle failed; continuing.
Traceback (most recent call last):
  File "C:\Users\naren\Downloads\jarvis_windows_no_picovoice\jarvis\jarvis_main.py", line 138, in assistant_loop
    detected = wake_listener.listen_for_wake_word(
               ^^^^^^^^^^^^^^^^^^^^^^^^^^^^^^^^^^^
TypeError: listen_for_wake_word() got an unexpected keyword argument 'model'
2026-09-11 20:51:12,482 | ERROR | jarvis | Assistant cycle failed; continuing.
Traceback (most recent call last):
  File "C:\Users\naren\Downloads\jarvis_windows_no_picovoice\jarvis\jarvis_main.py", line 138, in assistant_loop
    detected = wake_listener.listen_for_wake_word(
               ^^^^^^^^^^^^^^^^^^^^^^^^^^^^^^^^^^^
TypeError: listen_for_wake_word() got an unexpected keyword argument 'model'
2026-09-11 20:51:12,983 | ERROR | jarvis | Assistant cycle failed; continuing.
Traceback (most recent call last):
  File "C:\Users\naren\Downloads\jarvis_windows_no_picovoice\jarvis\jarvis_main.py", line 138, in assistant_loop
    detected = wake_listener.listen_for_wake_word(
               ^^^^^^^^^^^^^^^^^^^^^^^^^^^^^^^^^^^
TypeError: listen_for_wake_word() got an unexpected keyword argument 'model'
2026-09-11 20:51:13,483 | ERROR | jarvis | Assistant cycle failed; continuing.
Traceback (most recent call last):
  File "C:\Users\naren\Downloads\jarvis_windows_no_picovoice\jarvis\jarvis_main.py", line 138, in assistant_loop
    detected = wake_listener.listen_for_wake_word(
               ^^^^^^^^^^^^^^^^^^^^^^^^^^^^^^^^^^^
TypeError: listen_for_wake_word() got an unexpected keyword argument 'model'
2026-09-11 20:51:13,985 | ERROR | jarvis | Assistant cycle failed; continuing.
Traceback (most recent call last):
  File "C:\Users\naren\Downloads\jarvis_windows_no_picovoice\jarvis\jarvis_main.py", line 138, in assistant_loop
    detected = wake_listener.listen_for_wake_word(
               ^^^^^^^^^^^^^^^^^^^^^^^^^^^^^^^^^^^
TypeError: listen_for_wake_word() got an unexpected keyword argument 'model'
2026-09-11 20:51:14,485 | ERROR | jarvis | Assistant cycle failed; continuing.
Traceback (most recent call last):
  File "C:\Users\naren\Downloads\jarvis_windows_no_picovoice\jarvis\jarvis_main.py", line 138, in assistant_loop
    detected = wake_listener.listen_for_wake_word(
               ^^^^^^^^^^^^^^^^^^^^^^^^^^^^^^^^^^^
TypeError: listen_for_wake_word() got an unexpected keyword argument 'model'
2026-09-11 20:51:14,986 | ERROR | jarvis | Assistant cycle failed; continuing.
Traceback (most recent call last):
  File "C:\Users\naren\Downloads\jarvis_windows_no_picovoice\jarvis\jarvis_main.py", line 138, in assistant_loop
    detected = wake_listener.listen_for_wake_word(
               ^^^^^^^^^^^^^^^^^^^^^^^^^^^^^^^^^^^
TypeError: listen_for_wake_word() got an unexpected keyword argument 'model'
2026-09-11 20:51:15,487 | ERROR | jarvis | Assistant cycle failed; continuing.
Traceback (most recent call last):
  File "C:\Users\naren\Downloads\jarvis_windows_no_picovoice\jarvis\jarvis_main.py", line 138, in assistant_loop
    detected = wake_listener.listen_for_wake_word(
               ^^^^^^^^^^^^^^^^^^^^^^^^^^^^^^^^^^^
TypeError: listen_for_wake_word() got an unexpected keyword argument 'model'
2026-09-11 20:51:15,988 | ERROR | jarvis | Assistant cycle failed; continuing.
Traceback (most recent call last):
  File "C:\Users\naren\Downloads\jarvis_windows_no_picovoice\jarvis\jarvis_main.py", line 138, in assistant_loop
    detected = wake_listener.listen_for_wake_word(
               ^^^^^^^^^^^^^^^^^^^^^^^^^^^^^^^^^^^
TypeError: listen_for_wake_word() got an unexpected keyword argument 'model'
2026-09-11 20:51:16,489 | ERROR | jarvis | Assistant cycle failed; continuing.
Traceback (most recent call last):
  File "C:\Users\naren\Downloads\jarvis_windows_no_picovoice\jarvis\jarvis_main.py", line 138, in assistant_loop
    detected = wake_listener.listen_for_wake_word(
               ^^^^^^^^^^^^^^^^^^^^^^^^^^^^^^^^^^^
TypeError: listen_for_wake_word() got an unexpected keyword argument 'model'
2026-09-11 20:51:16,990 | ERROR | jarvis | Assistant cycle failed; continuing.
Traceback (most recent call last):
  File "C:\Users\naren\Downloads\jarvis_windows_no_picovoice\jarvis\jarvis_main.py", line 138, in assistant_loop
    detected = wake_listener.listen_for_wake_word(
               ^^^^^^^^^^^^^^^^^^^^^^^^^^^^^^^^^^^
TypeError: listen_for_wake_word() got an unexpected keyword argument 'model'
2026-09-11 20:51:17,492 | ERROR | jarvis | Assistant cycle failed; continuing.
Traceback (most recent call last):
  File "C:\Users\naren\Downloads\jarvis_windows_no_picovoice\jarvis\jarvis_main.py", line 138, in assistant_loop
    detected = wake_listener.listen_for_wake_word(
               ^^^^^^^^^^^^^^^^^^^^^^^^^^^^^^^^^^^
TypeError: listen_for_wake_word() got an unexpected keyword argument 'model'
2026-09-11 20:51:17,993 | ERROR | jarvis | Assistant cycle failed; continuing.
Traceback (most recent call last):
  File "C:\Users\naren\Downloads\jarvis_windows_no_picovoice\jarvis\jarvis_main.py", line 138, in assistant_loop
    detected = wake_listener.listen_for_wake_word(
               ^^^^^^^^^^^^^^^^^^^^^^^^^^^^^^^^^^^
TypeError: listen_for_wake_word() got an unexpected keyword argument 'model'
2026-09-11 20:51:18,494 | ERROR | jarvis | Assistant cycle failed; continuing.
Traceback (most recent call last):
  File "C:\Users\naren\Downloads\jarvis_windows_no_picovoice\jarvis\jarvis_main.py", line 138, in assistant_loop
    detected = wake_listener.listen_for_wake_word(
               ^^^^^^^^^^^^^^^^^^^^^^^^^^^^^^^^^^^
TypeError: listen_for_wake_word() got an unexpected keyword argument 'model'
2026-09-11 20:51:18,995 | ERROR | jarvis | Assistant cycle failed; continuing.
Traceback (most recent call last):
  File "C:\Users\naren\Downloads\jarvis_windows_no_picovoice\jarvis\jarvis_main.py", line 138, in assistant_loop
    detected = wake_listener.listen_for_wake_word(
               ^^^^^^^^^^^^^^^^^^^^^^^^^^^^^^^^^^^
TypeError: listen_for_wake_word() got an unexpected keyword argument 'model'
2026-09-11 20:51:19,496 | ERROR | jarvis | Assistant cycle failed; continuing.
Traceback (most recent call last):
  File "C:\Users\naren\Downloads\jarvis_windows_no_picovoice\jarvis\jarvis_main.py", line 138, in assistant_loop
    detected = wake_listener.listen_for_wake_word(
               ^^^^^^^^^^^^^^^^^^^^^^^^^^^^^^^^^^^
TypeError: listen_for_wake_word() got an unexpected keyword argument 'model'
2026-09-11 20:51:19,996 | ERROR | jarvis | Assistant cycle failed; continuing.
Traceback (most recent call last):
  File "C:\Users\naren\Downloads\jarvis_windows_no_picovoice\jarvis\jarvis_main.py", line 138, in assistant_loop
    detected = wake_listener.listen_for_wake_word(
               ^^^^^^^^^^^^^^^^^^^^^^^^^^^^^^^^^^^
TypeError: listen_for_wake_word() got an unexpected keyword argument 'model'
2026-09-11 20:51:20,497 | ERROR | jarvis | Assistant cycle failed; continuing.
Traceback (most recent call last):
  File "C:\Users\naren\Downloads\jarvis_windows_no_picovoice\jarvis\jarvis_main.py", line 138, in assistant_loop
    detected = wake_listener.listen_for_wake_word(
               ^^^^^^^^^^^^^^^^^^^^^^^^^^^^^^^^^^^
TypeError: listen_for_wake_word() got an unexpected keyword argument 'model'
2026-09-11 20:51:20,998 | ERROR | jarvis | Assistant cycle failed; continuing.
Traceback (most recent call last):
  File "C:\Users\naren\Downloads\jarvis_windows_no_picovoice\jarvis\jarvis_main.py", line 138, in assistant_loop
    detected = wake_listener.listen_for_wake_word(
               ^^^^^^^^^^^^^^^^^^^^^^^^^^^^^^^^^^^
TypeError: listen_for_wake_word() got an unexpected keyword argument 'model'
2026-09-11 20:51:21,499 | ERROR | jarvis | Assistant cycle failed; continuing.
Traceback (most recent call last):
  File "C:\Users\naren\Downloads\jarvis_windows_no_picovoice\jarvis\jarvis_main.py", line 138, in assistant_loop
    detected = wake_listener.listen_for_wake_word(
               ^^^^^^^^^^^^^^^^^^^^^^^^^^^^^^^^^^^
TypeError: listen_for_wake_word() got an unexpected keyword argument 'model'
2026-09-11 20:51:22,000 | ERROR | jarvis | Assistant cycle failed; continuing.
Traceback (most recent call last):
  File "C:\Users\naren\Downloads\jarvis_windows_no_picovoice\jarvis\jarvis_main.py", line 138, in assistant_loop
    detected = wake_listener.listen_for_wake_word(
               ^^^^^^^^^^^^^^^^^^^^^^^^^^^^^^^^^^^
TypeError: listen_for_wake_word() got an unexpected keyword argument 'model'
2026-09-11 20:51:22,501 | ERROR | jarvis | Assistant cycle failed; continuing.
Traceback (most recent call last):
  File "C:\Users\naren\Downloads\jarvis_windows_no_picovoice\jarvis\jarvis_main.py", line 138, in assistant_loop
    detected = wake_listener.listen_for_wake_word(
               ^^^^^^^^^^^^^^^^^^^^^^^^^^^^^^^^^^^
TypeError: listen_for_wake_word() got an unexpected keyword argument 'model'
2026-09-11 20:51:23,001 | ERROR | jarvis | Assistant cycle failed; continuing.
Traceback (most recent call last):
  File "C:\Users\naren\Downloads\jarvis_windows_no_picovoice\jarvis\jarvis_main.py", line 138, in assistant_loop
    detected = wake_listener.listen_for_wake_word(
               ^^^^^^^^^^^^^^^^^^^^^^^^^^^^^^^^^^^
TypeError: listen_for_wake_word() got an unexpected keyword argument 'model'
2026-09-11 20:51:23,502 | ERROR | jarvis | Assistant cycle failed; continuing.
Traceback (most recent call last):
  File "C:\Users\naren\Downloads\jarvis_windows_no_picovoice\jarvis\jarvis_main.py", line 138, in assistant_loop
    detected = wake_listener.listen_for_wake_word(
               ^^^^^^^^^^^^^^^^^^^^^^^^^^^^^^^^^^^
TypeError: listen_for_wake_word() got an unexpected keyword argument 'model'
2026-09-11 20:51:24,003 | ERROR | jarvis | Assistant cycle failed; continuing.
Traceback (most recent call last):
  File "C:\Users\naren\Downloads\jarvis_windows_no_picovoice\jarvis\jarvis_main.py", line 138, in assistant_loop
    detected = wake_listener.listen_for_wake_word(
               ^^^^^^^^^^^^^^^^^^^^^^^^^^^^^^^^^^^
TypeError: listen_for_wake_word() got an unexpected keyword argument 'model'
2026-09-11 20:51:24,503 | ERROR | jarvis | Assistant cycle failed; continuing.
Traceback (most recent call last):
  File "C:\Users\naren\Downloads\jarvis_windows_no_picovoice\jarvis\jarvis_main.py", line 138, in assistant_loop
    detected = wake_listener.listen_for_wake_word(
               ^^^^^^^^^^^^^^^^^^^^^^^^^^^^^^^^^^^
TypeError: listen_for_wake_word() got an unexpected keyword argument 'model'
2026-09-11 20:51:25,004 | ERROR | jarvis | Assistant cycle failed; continuing.
Traceback (most recent call last):
  File "C:\Users\naren\Downloads\jarvis_windows_no_picovoice\jarvis\jarvis_main.py", line 138, in assistant_loop
    detected = wake_listener.listen_for_wake_word(
               ^^^^^^^^^^^^^^^^^^^^^^^^^^^^^^^^^^^
TypeError: listen_for_wake_word() got an unexpected keyword argument 'model'
2026-09-11 20:52:29,713 | INFO | jarvis | Jarvis starting.
2026-09-11 20:52:29,714 | INFO | jarvis | Project directory: C:\Users\naren\Downloads\jarvis_windows_no_picovoice\jarvis
2026-09-11 20:52:29,714 | INFO | stt | Loading Vosk model: C:\Users\naren\Downloads\jarvis_windows_no_picovoice\vosk-model-small-en-us-0.15
2026-09-11 20:52:30,362 | INFO | stt | Vosk model loaded
2026-09-11 20:52:30,514 | ERROR | jarvis | Assistant cycle failed; continuing.
Traceback (most recent call last):
  File "C:\Users\naren\Downloads\jarvis_windows_no_picovoice\jarvis\jarvis_main.py", line 138, in assistant_loop
    detected = wake_listener.listen_for_wake_word(
               ^^^^^^^^^^^^^^^^^^^^^^^^^^^^^^^^^^^
TypeError: listen_for_wake_word() got multiple values for argument 'model'
2026-09-11 20:52:31,015 | ERROR | jarvis | Assistant cycle failed; continuing.
Traceback (most recent call last):
  File "C:\Users\naren\Downloads\jarvis_windows_no_picovoice\jarvis\jarvis_main.py", line 138, in assistant_loop
    detected = wake_listener.listen_for_wake_word(
               ^^^^^^^^^^^^^^^^^^^^^^^^^^^^^^^^^^^
TypeError: listen_for_wake_word() got multiple values for argument 'model'
2026-09-11 20:52:31,516 | ERROR | jarvis | Assistant cycle failed; continuing.
Traceback (most recent call last):
  File "C:\Users\naren\Downloads\jarvis_windows_no_picovoice\jarvis\jarvis_main.py", line 138, in assistant_loop
    detected = wake_listener.listen_for_wake_word(
               ^^^^^^^^^^^^^^^^^^^^^^^^^^^^^^^^^^^
TypeError: listen_for_wake_word() got multiple values for argument 'model'
2026-09-11 20:52:32,017 | ERROR | jarvis | Assistant cycle failed; continuing.
Traceback (most recent call last):
  File "C:\Users\naren\Downloads\jarvis_windows_no_picovoice\jarvis\jarvis_main.py", line 138, in assistant_loop
    detected = wake_listener.listen_for_wake_word(
               ^^^^^^^^^^^^^^^^^^^^^^^^^^^^^^^^^^^
TypeError: listen_for_wake_word() got multiple values for argument 'model'
2026-09-11 20:52:32,518 | ERROR | jarvis | Assistant cycle failed; continuing.
Traceback (most recent call last):
  File "C:\Users\naren\Downloads\jarvis_windows_no_picovoice\jarvis\jarvis_main.py", line 138, in assistant_loop
    detected = wake_listener.listen_for_wake_word(
               ^^^^^^^^^^^^^^^^^^^^^^^^^^^^^^^^^^^
TypeError: listen_for_wake_word() got multiple values for argument 'model'
2026-09-11 20:52:33,019 | ERROR | jarvis | Assistant cycle failed; continuing.
Traceback (most recent call last):
  File "C:\Users\naren\Downloads\jarvis_windows_no_picovoice\jarvis\jarvis_main.py", line 138, in assistant_loop
    detected = wake_listener.listen_for_wake_word(
               ^^^^^^^^^^^^^^^^^^^^^^^^^^^^^^^^^^^
TypeError: listen_for_wake_word() got multiple values for argument 'model'
2026-09-11 20:52:33,520 | ERROR | jarvis | Assistant cycle failed; continuing.
Traceback (most recent call last):
  File "C:\Users\naren\Downloads\jarvis_windows_no_picovoice\jarvis\jarvis_main.py", line 138, in assistant_loop
    detected = wake_listener.listen_for_wake_word(
               ^^^^^^^^^^^^^^^^^^^^^^^^^^^^^^^^^^^
TypeError: listen_for_wake_word() got multiple values for argument 'model'
2026-09-11 20:52:34,021 | ERROR | jarvis | Assistant cycle failed; continuing.
Traceback (most recent call last):
  File "C:\Users\naren\Downloads\jarvis_windows_no_picovoice\jarvis\jarvis_main.py", line 138, in assistant_loop
    detected = wake_listener.listen_for_wake_word(
               ^^^^^^^^^^^^^^^^^^^^^^^^^^^^^^^^^^^
TypeError: listen_for_wake_word() got multiple values for argument 'model'
2026-09-11 20:52:34,522 | ERROR | jarvis | Assistant cycle failed; continuing.
Traceback (most recent call last):
  File "C:\Users\naren\Downloads\jarvis_windows_no_picovoice\jarvis\jarvis_main.py", line 138, in assistant_loop
    detected = wake_listener.listen_for_wake_word(
               ^^^^^^^^^^^^^^^^^^^^^^^^^^^^^^^^^^^
TypeError: listen_for_wake_word() got multiple values for argument 'model'
2026-09-11 20:52:35,023 | ERROR | jarvis | Assistant cycle failed; continuing.
Traceback (most recent call last):
  File "C:\Users\naren\Downloads\jarvis_windows_no_picovoice\jarvis\jarvis_main.py", line 138, in assistant_loop
    detected = wake_listener.listen_for_wake_word(
               ^^^^^^^^^^^^^^^^^^^^^^^^^^^^^^^^^^^
TypeError: listen_for_wake_word() got multiple values for argument 'model'
2026-09-11 20:52:35,524 | ERROR | jarvis | Assistant cycle failed; continuing.
Traceback (most recent call last):
  File "C:\Users\naren\Downloads\jarvis_windows_no_picovoice\jarvis\jarvis_main.py", line 138, in assistant_loop
    detected = wake_listener.listen_for_wake_word(
               ^^^^^^^^^^^^^^^^^^^^^^^^^^^^^^^^^^^
TypeError: listen_for_wake_word() got multiple values for argument 'model'
2026-09-11 20:52:36,024 | ERROR | jarvis | Assistant cycle failed; continuing.
Traceback (most recent call last):
  File "C:\Users\naren\Downloads\jarvis_windows_no_picovoice\jarvis\jarvis_main.py", line 138, in assistant_loop
    detected = wake_listener.listen_for_wake_word(
               ^^^^^^^^^^^^^^^^^^^^^^^^^^^^^^^^^^^
TypeError: listen_for_wake_word() got multiple values for argument 'model'
2026-09-11 20:52:36,526 | ERROR | jarvis | Assistant cycle failed; continuing.
Traceback (most recent call last):
  File "C:\Users\naren\Downloads\jarvis_windows_no_picovoice\jarvis\jarvis_main.py", line 138, in assistant_loop
    detected = wake_listener.listen_for_wake_word(
               ^^^^^^^^^^^^^^^^^^^^^^^^^^^^^^^^^^^
TypeError: listen_for_wake_word() got multiple values for argument 'model'
2026-09-11 20:52:37,026 | ERROR | jarvis | Assistant cycle failed; continuing.
Traceback (most recent call last):
  File "C:\Users\naren\Downloads\jarvis_windows_no_picovoice\jarvis\jarvis_main.py", line 138, in assistant_loop
    detected = wake_listener.listen_for_wake_word(
               ^^^^^^^^^^^^^^^^^^^^^^^^^^^^^^^^^^^
TypeError: listen_for_wake_word() got multiple values for argument 'model'
2026-09-11 20:52:37,528 | ERROR | jarvis | Assistant cycle failed; continuing.
Traceback (most recent call last):
  File "C:\Users\naren\Downloads\jarvis_windows_no_picovoice\jarvis\jarvis_main.py", line 138, in assistant_loop
    detected = wake_listener.listen_for_wake_word(
               ^^^^^^^^^^^^^^^^^^^^^^^^^^^^^^^^^^^
TypeError: listen_for_wake_word() got multiple values for argument 'model'
2026-09-11 20:52:38,029 | ERROR | jarvis | Assistant cycle failed; continuing.
Traceback (most recent call last):
  File "C:\Users\naren\Downloads\jarvis_windows_no_picovoice\jarvis\jarvis_main.py", line 138, in assistant_loop
    detected = wake_listener.listen_for_wake_word(
               ^^^^^^^^^^^^^^^^^^^^^^^^^^^^^^^^^^^
TypeError: listen_for_wake_word() got multiple values for argument 'model'
2026-09-11 20:52:38,530 | ERROR | jarvis | Assistant cycle failed; continuing.
Traceback (most recent call last):
  File "C:\Users\naren\Downloads\jarvis_windows_no_picovoice\jarvis\jarvis_main.py", line 138, in assistant_loop
    detected = wake_listener.listen_for_wake_word(
               ^^^^^^^^^^^^^^^^^^^^^^^^^^^^^^^^^^^
TypeError: listen_for_wake_word() got multiple values for argument 'model'
2026-09-11 20:52:39,031 | ERROR | jarvis | Assistant cycle failed; continuing.
Traceback (most recent call last):
  File "C:\Users\naren\Downloads\jarvis_windows_no_picovoice\jarvis\jarvis_main.py", line 138, in assistant_loop
    detected = wake_listener.listen_for_wake_word(
               ^^^^^^^^^^^^^^^^^^^^^^^^^^^^^^^^^^^
TypeError: listen_for_wake_word() got multiple values for argument 'model'
2026-09-11 20:52:39,532 | ERROR | jarvis | Assistant cycle failed; continuing.
Traceback (most recent call last):
  File "C:\Users\naren\Downloads\jarvis_windows_no_picovoice\jarvis\jarvis_main.py", line 138, in assistant_loop
    detected = wake_listener.listen_for_wake_word(
               ^^^^^^^^^^^^^^^^^^^^^^^^^^^^^^^^^^^
TypeError: listen_for_wake_word() got multiple values for argument 'model'
2026-09-11 20:52:40,033 | ERROR | jarvis | Assistant cycle failed; continuing.
Traceback (most recent call last):
  File "C:\Users\naren\Downloads\jarvis_windows_no_picovoice\jarvis\jarvis_main.py", line 138, in assistant_loop
    detected = wake_listener.listen_for_wake_word(
               ^^^^^^^^^^^^^^^^^^^^^^^^^^^^^^^^^^^
TypeError: listen_for_wake_word() got multiple values for argument 'model'
2026-09-11 20:52:40,534 | ERROR | jarvis | Assistant cycle failed; continuing.
Traceback (most recent call last):
  File "C:\Users\naren\Downloads\jarvis_windows_no_picovoice\jarvis\jarvis_main.py", line 138, in assistant_loop
    detected = wake_listener.listen_for_wake_word(
               ^^^^^^^^^^^^^^^^^^^^^^^^^^^^^^^^^^^
TypeError: listen_for_wake_word() got multiple values for argument 'model'
2026-09-11 20:52:41,035 | ERROR | jarvis | Assistant cycle failed; continuing.
Traceback (most recent call last):
  File "C:\Users\naren\Downloads\jarvis_windows_no_picovoice\jarvis\jarvis_main.py", line 138, in assistant_loop
    detected = wake_listener.listen_for_wake_word(
               ^^^^^^^^^^^^^^^^^^^^^^^^^^^^^^^^^^^
TypeError: listen_for_wake_word() got multiple values for argument 'model'
2026-09-11 20:52:41,536 | ERROR | jarvis | Assistant cycle failed; continuing.
Traceback (most recent call last):
  File "C:\Users\naren\Downloads\jarvis_windows_no_picovoice\jarvis\jarvis_main.py", line 138, in assistant_loop
    detected = wake_listener.listen_for_wake_word(
               ^^^^^^^^^^^^^^^^^^^^^^^^^^^^^^^^^^^
TypeError: listen_for_wake_word() got multiple values for argument 'model'
2026-09-11 20:52:42,037 | ERROR | jarvis | Assistant cycle failed; continuing.
Traceback (most recent call last):
  File "C:\Users\naren\Downloads\jarvis_windows_no_picovoice\jarvis\jarvis_main.py", line 138, in assistant_loop
    detected = wake_listener.listen_for_wake_word(
               ^^^^^^^^^^^^^^^^^^^^^^^^^^^^^^^^^^^
TypeError: listen_for_wake_word() got multiple values for argument 'model'
2026-09-11 20:52:42,537 | ERROR | jarvis | Assistant cycle failed; continuing.
Traceback (most recent call last):
  File "C:\Users\naren\Downloads\jarvis_windows_no_picovoice\jarvis\jarvis_main.py", line 138, in assistant_loop
    detected = wake_listener.listen_for_wake_word(
               ^^^^^^^^^^^^^^^^^^^^^^^^^^^^^^^^^^^
TypeError: listen_for_wake_word() got multiple values for argument 'model'
2026-09-11 20:52:43,039 | ERROR | jarvis | Assistant cycle failed; continuing.
Traceback (most recent call last):
  File "C:\Users\naren\Downloads\jarvis_windows_no_picovoice\jarvis\jarvis_main.py", line 138, in assistant_loop
    detected = wake_listener.listen_for_wake_word(
               ^^^^^^^^^^^^^^^^^^^^^^^^^^^^^^^^^^^
TypeError: listen_for_wake_word() got multiple values for argument 'model'
2026-09-11 20:52:43,540 | ERROR | jarvis | Assistant cycle failed; continuing.
Traceback (most recent call last):
  File "C:\Users\naren\Downloads\jarvis_windows_no_picovoice\jarvis\jarvis_main.py", line 138, in assistant_loop
    detected = wake_listener.listen_for_wake_word(
               ^^^^^^^^^^^^^^^^^^^^^^^^^^^^^^^^^^^
TypeError: listen_for_wake_word() got multiple values for argument 'model'
2026-09-11 20:52:44,041 | ERROR | jarvis | Assistant cycle failed; continuing.
Traceback (most recent call last):
  File "C:\Users\naren\Downloads\jarvis_windows_no_picovoice\jarvis\jarvis_main.py", line 138, in assistant_loop
    detected = wake_listener.listen_for_wake_word(
               ^^^^^^^^^^^^^^^^^^^^^^^^^^^^^^^^^^^
TypeError: listen_for_wake_word() got multiple values for argument 'model'
2026-09-11 20:52:44,542 | ERROR | jarvis | Assistant cycle failed; continuing.
Traceback (most recent call last):
  File "C:\Users\naren\Downloads\jarvis_windows_no_picovoice\jarvis\jarvis_main.py", line 138, in assistant_loop
    detected = wake_listener.listen_for_wake_word(
               ^^^^^^^^^^^^^^^^^^^^^^^^^^^^^^^^^^^
TypeError: listen_for_wake_word() got multiple values for argument 'model'
2026-09-11 20:52:45,043 | ERROR | jarvis | Assistant cycle failed; continuing.
Traceback (most recent call last):
  File "C:\Users\naren\Downloads\jarvis_windows_no_picovoice\jarvis\jarvis_main.py", line 138, in assistant_loop
    detected = wake_listener.listen_for_wake_word(
               ^^^^^^^^^^^^^^^^^^^^^^^^^^^^^^^^^^^
TypeError: listen_for_wake_word() got multiple values for argument 'model'
2026-09-11 20:52:45,545 | ERROR | jarvis | Assistant cycle failed; continuing.
Traceback (most recent call last):
  File "C:\Users\naren\Downloads\jarvis_windows_no_picovoice\jarvis\jarvis_main.py", line 138, in assistant_loop
    detected = wake_listener.listen_for_wake_word(
               ^^^^^^^^^^^^^^^^^^^^^^^^^^^^^^^^^^^
TypeError: listen_for_wake_word() got multiple values for argument 'model'
2026-09-11 20:52:46,046 | ERROR | jarvis | Assistant cycle failed; continuing.
Traceback (most recent call last):
  File "C:\Users\naren\Downloads\jarvis_windows_no_picovoice\jarvis\jarvis_main.py", line 138, in assistant_loop
    detected = wake_listener.listen_for_wake_word(
               ^^^^^^^^^^^^^^^^^^^^^^^^^^^^^^^^^^^
TypeError: listen_for_wake_word() got multiple values for argument 'model'
2026-09-11 20:52:46,547 | ERROR | jarvis | Assistant cycle failed; continuing.
Traceback (most recent call last):
  File "C:\Users\naren\Downloads\jarvis_windows_no_picovoice\jarvis\jarvis_main.py", line 138, in assistant_loop
    detected = wake_listener.listen_for_wake_word(
               ^^^^^^^^^^^^^^^^^^^^^^^^^^^^^^^^^^^
TypeError: listen_for_wake_word() got multiple values for argument 'model'
2026-09-11 20:52:47,048 | ERROR | jarvis | Assistant cycle failed; continuing.
Traceback (most recent call last):
  File "C:\Users\naren\Downloads\jarvis_windows_no_picovoice\jarvis\jarvis_main.py", line 138, in assistant_loop
    detected = wake_listener.listen_for_wake_word(
               ^^^^^^^^^^^^^^^^^^^^^^^^^^^^^^^^^^^
TypeError: listen_for_wake_word() got multiple values for argument 'model'
2026-09-11 20:52:47,549 | ERROR | jarvis | Assistant cycle failed; continuing.
Traceback (most recent call last):
  File "C:\Users\naren\Downloads\jarvis_windows_no_picovoice\jarvis\jarvis_main.py", line 138, in assistant_loop
    detected = wake_listener.listen_for_wake_word(
               ^^^^^^^^^^^^^^^^^^^^^^^^^^^^^^^^^^^
TypeError: listen_for_wake_word() got multiple values for argument 'model'
2026-09-11 20:52:48,049 | ERROR | jarvis | Assistant cycle failed; continuing.
Traceback (most recent call last):
  File "C:\Users\naren\Downloads\jarvis_windows_no_picovoice\jarvis\jarvis_main.py", line 138, in assistant_loop
    detected = wake_listener.listen_for_wake_word(
               ^^^^^^^^^^^^^^^^^^^^^^^^^^^^^^^^^^^
TypeError: listen_for_wake_word() got multiple values for argument 'model'
2026-09-11 20:52:48,550 | ERROR | jarvis | Assistant cycle failed; continuing.
Traceback (most recent call last):
  File "C:\Users\naren\Downloads\jarvis_windows_no_picovoice\jarvis\jarvis_main.py", line 138, in assistant_loop
    detected = wake_listener.listen_for_wake_word(
               ^^^^^^^^^^^^^^^^^^^^^^^^^^^^^^^^^^^
TypeError: listen_for_wake_word() got multiple values for argument 'model'
2026-09-11 20:52:49,051 | ERROR | jarvis | Assistant cycle failed; continuing.
Traceback (most recent call last):
  File "C:\Users\naren\Downloads\jarvis_windows_no_picovoice\jarvis\jarvis_main.py", line 138, in assistant_loop
    detected = wake_listener.listen_for_wake_word(
               ^^^^^^^^^^^^^^^^^^^^^^^^^^^^^^^^^^^
TypeError: listen_for_wake_word() got multiple values for argument 'model'
2026-09-11 20:52:49,552 | ERROR | jarvis | Assistant cycle failed; continuing.
Traceback (most recent call last):
  File "C:\Users\naren\Downloads\jarvis_windows_no_picovoice\jarvis\jarvis_main.py", line 138, in assistant_loop
    detected = wake_listener.listen_for_wake_word(
               ^^^^^^^^^^^^^^^^^^^^^^^^^^^^^^^^^^^
TypeError: listen_for_wake_word() got multiple values for argument 'model'
2026-09-11 20:52:50,053 | ERROR | jarvis | Assistant cycle failed; continuing.
Traceback (most recent call last):
  File "C:\Users\naren\Downloads\jarvis_windows_no_picovoice\jarvis\jarvis_main.py", line 138, in assistant_loop
    detected = wake_listener.listen_for_wake_word(
               ^^^^^^^^^^^^^^^^^^^^^^^^^^^^^^^^^^^
TypeError: listen_for_wake_word() got multiple values for argument 'model'
2026-09-11 20:52:50,554 | ERROR | jarvis | Assistant cycle failed; continuing.
Traceback (most recent call last):
  File "C:\Users\naren\Downloads\jarvis_windows_no_picovoice\jarvis\jarvis_main.py", line 138, in assistant_loop
    detected = wake_listener.listen_for_wake_word(
               ^^^^^^^^^^^^^^^^^^^^^^^^^^^^^^^^^^^
TypeError: listen_for_wake_word() got multiple values for argument 'model'
2026-09-11 20:52:51,056 | ERROR | jarvis | Assistant cycle failed; continuing.
Traceback (most recent call last):
  File "C:\Users\naren\Downloads\jarvis_windows_no_picovoice\jarvis\jarvis_main.py", line 138, in assistant_loop
    detected = wake_listener.listen_for_wake_word(
               ^^^^^^^^^^^^^^^^^^^^^^^^^^^^^^^^^^^
TypeError: listen_for_wake_word() got multiple values for argument 'model'
2026-09-11 20:52:51,557 | ERROR | jarvis | Assistant cycle failed; continuing.
Traceback (most recent call last):
  File "C:\Users\naren\Downloads\jarvis_windows_no_picovoice\jarvis\jarvis_main.py", line 138, in assistant_loop
    detected = wake_listener.listen_for_wake_word(
               ^^^^^^^^^^^^^^^^^^^^^^^^^^^^^^^^^^^
TypeError: listen_for_wake_word() got multiple values for argument 'model'
2026-09-11 20:52:52,058 | ERROR | jarvis | Assistant cycle failed; continuing.
Traceback (most recent call last):
  File "C:\Users\naren\Downloads\jarvis_windows_no_picovoice\jarvis\jarvis_main.py", line 138, in assistant_loop
    detected = wake_listener.listen_for_wake_word(
               ^^^^^^^^^^^^^^^^^^^^^^^^^^^^^^^^^^^
TypeError: listen_for_wake_word() got multiple values for argument 'model'
2026-09-11 20:52:52,559 | ERROR | jarvis | Assistant cycle failed; continuing.
Traceback (most recent call last):
  File "C:\Users\naren\Downloads\jarvis_windows_no_picovoice\jarvis\jarvis_main.py", line 138, in assistant_loop
    detected = wake_listener.listen_for_wake_word(
               ^^^^^^^^^^^^^^^^^^^^^^^^^^^^^^^^^^^
TypeError: listen_for_wake_word() got multiple values for argument 'model'
2026-09-11 20:52:53,059 | ERROR | jarvis | Assistant cycle failed; continuing.
Traceback (most recent call last):
  File "C:\Users\naren\Downloads\jarvis_windows_no_picovoice\jarvis\jarvis_main.py", line 138, in assistant_loop
    detected = wake_listener.listen_for_wake_word(
               ^^^^^^^^^^^^^^^^^^^^^^^^^^^^^^^^^^^
TypeError: listen_for_wake_word() got multiple values for argument 'model'
2026-09-11 20:52:53,560 | ERROR | jarvis | Assistant cycle failed; continuing.
Traceback (most recent call last):
  File "C:\Users\naren\Downloads\jarvis_windows_no_picovoice\jarvis\jarvis_main.py", line 138, in assistant_loop
    detected = wake_listener.listen_for_wake_word(
               ^^^^^^^^^^^^^^^^^^^^^^^^^^^^^^^^^^^
TypeError: listen_for_wake_word() got multiple values for argument 'model'
2026-09-11 20:52:54,062 | ERROR | jarvis | Assistant cycle failed; continuing.
Traceback (most recent call last):
  File "C:\Users\naren\Downloads\jarvis_windows_no_picovoice\jarvis\jarvis_main.py", line 138, in assistant_loop
    detected = wake_listener.listen_for_wake_word(
               ^^^^^^^^^^^^^^^^^^^^^^^^^^^^^^^^^^^
TypeError: listen_for_wake_word() got multiple values for argument 'model'
2026-09-11 20:52:54,562 | ERROR | jarvis | Assistant cycle failed; continuing.
Traceback (most recent call last):
  File "C:\Users\naren\Downloads\jarvis_windows_no_picovoice\jarvis\jarvis_main.py", line 138, in assistant_loop
    detected = wake_listener.listen_for_wake_word(
               ^^^^^^^^^^^^^^^^^^^^^^^^^^^^^^^^^^^
TypeError: listen_for_wake_word() got multiple values for argument 'model'
2026-09-11 20:52:55,063 | ERROR | jarvis | Assistant cycle failed; continuing.
Traceback (most recent call last):
  File "C:\Users\naren\Downloads\jarvis_windows_no_picovoice\jarvis\jarvis_main.py", line 138, in assistant_loop
    detected = wake_listener.listen_for_wake_word(
               ^^^^^^^^^^^^^^^^^^^^^^^^^^^^^^^^^^^
TypeError: listen_for_wake_word() got multiple values for argument 'model'
2026-09-11 20:52:55,564 | ERROR | jarvis | Assistant cycle failed; continuing.
Traceback (most recent call last):
  File "C:\Users\naren\Downloads\jarvis_windows_no_picovoice\jarvis\jarvis_main.py", line 138, in assistant_loop
    detected = wake_listener.listen_for_wake_word(
               ^^^^^^^^^^^^^^^^^^^^^^^^^^^^^^^^^^^
TypeError: listen_for_wake_word() got multiple values for argument 'model'
2026-09-11 20:52:56,065 | ERROR | jarvis | Assistant cycle failed; continuing.
Traceback (most recent call last):
  File "C:\Users\naren\Downloads\jarvis_windows_no_picovoice\jarvis\jarvis_main.py", line 138, in assistant_loop
    detected = wake_listener.listen_for_wake_word(
               ^^^^^^^^^^^^^^^^^^^^^^^^^^^^^^^^^^^
TypeError: listen_for_wake_word() got multiple values for argument 'model'
2026-09-11 20:55:10,216 | INFO | jarvis | Jarvis starting.
2026-09-11 20:55:10,216 | INFO | jarvis | Project directory: C:\Users\naren\Downloads\jarvis_windows_no_picovoice\jarvis
2026-09-11 20:55:10,217 | INFO | stt | Loading Vosk model: C:\Users\naren\Downloads\jarvis_windows_no_picovoice\vosk-model-small-en-us-0.15
2026-09-11 20:55:10,926 | INFO | stt | Vosk model loaded
2026-09-11 20:55:25,671 | INFO | jarvis | Command routing result: success=True | command='open calculator'
2026-09-11 20:55:29,295 | INFO | jarvis | Command routing result: success=False | command='[unk]'
2026-09-11 20:55:33,185 | INFO | jarvis | Command routing result: success=False | command='[unk]'
2026-09-11 20:55:35,999 | INFO | jarvis | Command routing result: success=True | command='open notepad'
2026-09-11 20:55:38,929 | INFO | jarvis | No command recognized.
2026-09-11 20:55:57,571 | INFO | jarvis | Command routing result: success=True | command='open chrome'
2026-09-11 20:56:00,541 | INFO | jarvis | No command recognized.
2026-09-11 20:56:02,720 | INFO | jarvis | No command recognized.
2026-09-11 20:56:15,763 | INFO | jarvis | Command routing result: success=False | command='open resume'
2026-09-11 20:56:17,871 | INFO | jarvis | No command recognized.
2026-09-11 20:56:21,940 | INFO | jarvis | Command routing result: success=False | command='[unk]'
2026-09-11 20:56:24,826 | INFO | jarvis | Command routing result: success=False | command='open resume'
2026-09-11 20:56:42,838 | INFO | jarvis | Command routing result: success=False | command='[unk]'
2026-09-11 20:56:45,704 | INFO | jarvis | No command recognized.
2026-09-11 20:56:48,398 | INFO | jarvis | No command recognized.
2026-09-11 20:56:51,255 | INFO | jarvis | No command recognized.
2026-09-11 20:56:53,532 | INFO | jarvis | No command recognized.
2026-09-11 20:59:28,330 | INFO | jarvis | Jarvis starting.
2026-09-11 20:59:28,330 | INFO | jarvis | Project directory: C:\Users\naren\Downloads\jarvis_windows_no_picovoice\jarvis
2026-09-11 20:59:28,330 | INFO | stt | Loading Vosk model: C:\Users\naren\Downloads\jarvis_windows_no_picovoice\vosk-model-small-en-us-0.15
2026-09-11 20:59:29,057 | INFO | stt | Vosk model loaded
2026-09-11 20:59:34,064 | INFO | jarvis | Command routing result: success=True | command='open notepad'
2026-09-11 20:59:37,556 | INFO | jarvis | No command recognized.
2026-09-11 20:59:40,441 | INFO | jarvis | No command recognized.
2026-09-11 20:59:42,924 | INFO | jarvis | No command recognized.
2026-09-11 20:59:49,512 | INFO | jarvis | No command recognized.
2026-09-11 20:59:52,475 | INFO | jarvis | No command recognized.
2026-09-11 20:59:55,445 | INFO | jarvis | No command recognized.
2026-09-11 21:00:52,244 | INFO | jarvis | Jarvis starting.
2026-09-11 21:00:52,245 | INFO | jarvis | Project directory: C:\Users\naren\Downloads\jarvis_windows_no_picovoice\jarvis
2026-09-11 21:00:52,245 | INFO | stt | Loading Vosk model: C:\Users\naren\Downloads\jarvis_windows_no_picovoice\vosk-model-small-en-us-0.15
2026-09-11 21:00:52,900 | INFO | stt | Vosk model loaded
2026-09-11 21:00:57,619 | INFO | jarvis | Command routing result: success=True | command='open notepad'
2026-09-11 21:01:02,039 | INFO | jarvis | Command routing result: success=False | command='[unk]'
2026-09-11 21:01:08,018 | INFO | jarvis | Command routing result: success=True | command='open chrome chrome'
2026-09-11 21:01:26,131 | INFO | jarvis | No command recognized.
2026-09-11 21:01:29,872 | INFO | jarvis | Command routing result: success=True | command='chrome'
2026-09-11 21:01:34,132 | INFO | jarvis | Command routing result: success=False | command='[unk]'
2026-09-11 21:01:36,506 | INFO | jarvis | No command recognized.
2026-09-11 21:01:54,240 | INFO | jarvis | Command routing result: success=True | command='open notepad'
2026-09-11 21:02:03,112 | INFO | jarvis | Command routing result: success=True | command='open calculator'
2026-09-11 21:03:53,539 | INFO | jarvis | Jarvis starting.
2026-09-11 21:03:53,540 | INFO | jarvis | Project directory: C:\Users\naren\Downloads\jarvis_windows_no_picovoice\jarvis
2026-09-11 21:03:53,540 | INFO | stt | Loading Vosk model: C:\Users\naren\Downloads\jarvis_windows_no_picovoice\vosk-model-small-en-us-0.15
2026-09-11 21:03:54,204 | INFO | stt | Vosk model loaded
2026-09-11 21:06:10,275 | INFO | jarvis | Jarvis starting.
2026-09-11 21:06:10,275 | INFO | jarvis | Project directory: C:\Users\naren\Downloads\jarvis_windows_no_picovoice\jarvis
2026-09-11 21:06:10,275 | INFO | stt | Loading Vosk model: C:\Users\naren\Downloads\jarvis_windows_no_picovoice\vosk-model-small-en-us-0.15
2026-09-11 21:06:10,942 | INFO | stt | Vosk model loaded
2026-09-11 21:06:37,723 | INFO | jarvis | Command routing result: success=False | command='find my resume'
2026-09-11 21:06:40,607 | INFO | jarvis | No command recognized.
2026-09-11 21:06:43,451 | INFO | jarvis | No command recognized.
2026-09-11 21:06:46,300 | INFO | jarvis | No command recognized.
2026-09-11 21:10:42,867 | INFO | jarvis | Jarvis starting.
2026-09-11 21:10:42,867 | INFO | jarvis | Project directory: C:\Users\naren\Downloads\jarvis_windows_no_picovoice\jarvis
2026-09-11 21:10:42,868 | INFO | jarvis | Loading Vosk model.
2026-09-11 21:10:42,868 | INFO | stt | Loading Vosk model: C:\Users\naren\Downloads\jarvis_windows_no_picovoice\vosk-model-small-en-us-0.15
2026-09-11 21:10:43,694 | INFO | stt | Vosk model loaded
2026-09-11 21:10:43,695 | INFO | jarvis | Loading wake-word model.
2026-09-11 21:10:43,843 | INFO | jarvis | Waiting for wake word.
2026-09-11 21:10:45,879 | INFO | jarvis | Wake word detected.
2026-09-11 21:10:46,499 | INFO | jarvis | Listening for command.
2026-09-11 21:10:48,930 | INFO | jarvis | Command recognized: 'open chrome'
2026-09-11 21:10:49,038 | INFO | jarvis | Command routing result: success=True | command='open chrome'
2026-09-11 21:10:49,639 | INFO | jarvis | Waiting for wake word.
2026-09-11 21:10:49,965 | INFO | jarvis | Wake word detected.
2026-09-11 21:10:50,586 | INFO | jarvis | Listening for command.
2026-09-11 21:10:52,809 | INFO | jarvis | Command recognized: 'is'
2026-09-11 21:10:52,924 | INFO | jarvis | Command routing result: success=True | command='is'
2026-09-11 21:10:53,525 | INFO | jarvis | Waiting for wake word.
2026-09-11 21:11:03,736 | INFO | jarvis | Wake word detected.
2026-09-11 21:11:04,358 | INFO | jarvis | Listening for command.
2026-09-11 21:11:07,299 | INFO | jarvis | Command recognized: 'close chrome'
2026-09-11 21:11:07,319 | INFO | jarvis | Command routing result: success=True | command='close chrome'
2026-09-11 21:11:07,921 | INFO | jarvis | Waiting for wake word.
2026-09-11 21:11:08,240 | INFO | jarvis | Wake word detected.
2026-09-11 21:11:08,854 | INFO | jarvis | Listening for command.
2026-09-11 21:11:13,407 | INFO | jarvis | Command recognized: 'close chrome'
2026-09-11 21:11:13,430 | INFO | jarvis | Command routing result: success=True | command='close chrome'
2026-09-11 21:11:14,031 | INFO | jarvis | Waiting for wake word.
2026-09-11 21:11:14,346 | INFO | jarvis | Wake word detected.
2026-09-11 21:11:14,964 | INFO | jarvis | Listening for command.
2026-09-11 21:11:17,280 | INFO | jarvis | No command recognized.
2026-09-11 21:11:17,782 | INFO | jarvis | Waiting for wake word.
2026-09-11 21:22:34,129 | INFO | jarvis | Jarvis starting.
2026-09-11 21:22:34,129 | INFO | jarvis | Project directory: C:\Users\naren\Downloads\jarvis_windows_no_picovoice\jarvis
2026-09-11 21:22:34,129 | INFO | jarvis | Loading Vosk model.
2026-09-11 21:22:34,129 | INFO | stt | Loading Vosk model: C:\Users\naren\Downloads\jarvis_windows_no_picovoice\vosk-model-small-en-us-0.15
2026-09-11 21:22:34,784 | INFO | stt | Vosk model loaded
2026-09-11 21:22:34,785 | INFO | jarvis | Loading wake-word model.
2026-09-11 21:22:34,927 | INFO | jarvis | Waiting for wake word.
2026-09-11 21:22:36,815 | INFO | jarvis | Wake word detected.
2026-09-11 21:22:37,430 | INFO | jarvis | Listening for command.
2026-09-11 21:22:39,313 | INFO | jarvis | Command recognized: 'chrome'
2026-09-11 21:22:39,334 | INFO | jarvis | Command routing result: success=True | command='chrome'
2026-09-11 21:22:39,935 | INFO | jarvis | Waiting for wake word.
2026-09-11 21:22:40,257 | INFO | jarvis | Wake word detected.
2026-09-11 21:22:40,867 | INFO | jarvis | Listening for command.
2026-09-11 21:22:43,184 | INFO | jarvis | No command recognized.
2026-09-11 21:22:43,685 | INFO | jarvis | Waiting for wake word.
2026-09-11 21:23:02,901 | INFO | jarvis | Wake word detected.
2026-09-11 21:23:03,515 | INFO | jarvis | Listening for command.
2026-09-11 21:23:05,847 | INFO | jarvis | Command recognized: 'close chrome'
2026-09-11 21:23:08,074 | INFO | jarvis | Command routing result: success=False | command='close chrome'
2026-09-11 21:23:08,675 | INFO | jarvis | Waiting for wake word.
2026-09-11 21:23:09,015 | INFO | jarvis | Wake word detected.
2026-09-11 21:23:09,634 | INFO | jarvis | Listening for command.
2026-09-11 21:23:11,991 | INFO | jarvis | No command recognized.
2026-09-11 21:23:12,492 | INFO | jarvis | Waiting for wake word.
2026-09-11 21:23:22,682 | INFO | jarvis | Wake word detected.
2026-09-11 21:23:23,297 | INFO | jarvis | Listening for command.
2026-09-11 21:23:26,213 | INFO | jarvis | Command recognized: 'open notepad'
2026-09-11 21:23:26,333 | INFO | jarvis | Command routing result: success=True | command='open notepad'
2026-09-11 21:23:26,934 | INFO | jarvis | Waiting for wake word.
2026-09-11 21:23:29,046 | INFO | jarvis | Wake word detected.
2026-09-11 21:23:29,662 | INFO | jarvis | Listening for command.
2026-09-11 21:23:32,022 | INFO | jarvis | Command recognized: 'locate'
2026-09-11 21:23:32,023 | INFO | jarvis | Command routing result: success=False | command='locate'
2026-09-11 21:23:32,623 | INFO | jarvis | Waiting for wake word.
2026-09-11 21:23:32,982 | INFO | jarvis | Wake word detected.
2026-09-11 21:23:33,605 | INFO | jarvis | Listening for command.
2026-09-11 21:23:39,051 | INFO | jarvis | Command recognized: '[unk]'
2026-09-11 21:23:39,052 | INFO | jarvis | Command routing result: success=False | command='[unk]'
2026-09-11 21:23:39,653 | INFO | jarvis | Waiting for wake word.
2026-09-11 21:23:45,157 | INFO | jarvis | Wake word detected.
2026-09-11 21:23:45,783 | INFO | jarvis | Listening for command.
2026-09-11 21:23:51,237 | INFO | jarvis | Command recognized: 'close notepad'
2026-09-11 21:23:53,391 | INFO | jarvis | Command routing result: success=False | command='close notepad'
2026-09-11 21:23:53,992 | INFO | jarvis | Waiting for wake word.
2026-09-11 21:23:54,360 | INFO | jarvis | Wake word detected.
2026-09-11 21:23:54,983 | INFO | jarvis | Listening for command.
2026-09-11 21:23:57,923 | INFO | jarvis | No command recognized.
2026-09-11 21:23:58,424 | INFO | jarvis | Waiting for wake word.
2026-09-11 21:23:58,792 | INFO | jarvis | Wake word detected.
2026-09-11 21:23:59,412 | INFO | jarvis | Listening for command.
2026-09-11 21:24:01,658 | INFO | jarvis | No command recognized.
2026-09-11 21:24:02,159 | INFO | jarvis | Waiting for wake word.
2026-09-11 21:24:02,532 | INFO | jarvis | Wake word detected.
2026-09-11 21:24:03,158 | INFO | jarvis | Listening for command.
2026-09-11 21:24:05,884 | INFO | jarvis | No command recognized.
2026-09-11 21:26:22,150 | INFO | jarvis | Jarvis starting.
2026-09-11 21:26:22,151 | INFO | jarvis | Project directory: C:\Users\naren\Downloads\jarvis_windows_no_picovoice\jarvis
2026-09-11 21:26:22,151 | INFO | jarvis | Loading Vosk model.
2026-09-11 21:26:22,151 | INFO | stt | Loading Vosk model: C:\Users\naren\Downloads\jarvis_windows_no_picovoice\vosk-model-small-en-us-0.15
2026-09-11 21:26:22,879 | INFO | stt | Vosk model loaded
2026-09-11 21:26:22,879 | INFO | jarvis | Loading wake-word model.
2026-09-11 21:26:23,043 | INFO | jarvis | Waiting for wake word.
2026-09-11 21:26:46,053 | INFO | jarvis | Wake word detected.
2026-09-11 21:26:46,675 | INFO | jarvis | Listening for command.
2026-09-11 21:26:49,621 | INFO | jarvis | Command recognized: 'open chrome'
2026-09-11 21:26:49,640 | INFO | jarvis | Command routing result: success=True | command='open chrome'
2026-09-11 21:26:50,241 | INFO | jarvis | Waiting for wake word.
2026-09-11 21:27:07,416 | INFO | jarvis | Wake word detected.
2026-09-11 21:27:08,029 | INFO | jarvis | Listening for command.
2026-09-11 21:27:10,373 | INFO | jarvis | No command recognized.
2026-09-11 21:27:10,874 | INFO | jarvis | Waiting for wake word.
2026-09-11 21:27:12,849 | INFO | jarvis | Wake word detected.
2026-09-11 21:27:13,468 | INFO | jarvis | Listening for command.
2026-09-11 21:27:15,805 | INFO | jarvis | No command recognized.
2026-09-11 21:27:16,306 | INFO | jarvis | Waiting for wake word.
2026-09-11 21:27:37,216 | INFO | jarvis | Jarvis starting.
2026-09-11 21:27:37,216 | INFO | jarvis | Project directory: C:\Users\naren\Downloads\jarvis_windows_no_picovoice\jarvis
2026-09-11 21:27:37,216 | INFO | jarvis | Loading Vosk model.
2026-09-11 21:27:37,218 | INFO | stt | Loading Vosk model: C:\Users\naren\Downloads\jarvis_windows_no_picovoice\vosk-model-small-en-us-0.15
2026-09-11 21:27:37,864 | INFO | stt | Vosk model loaded
2026-09-11 21:27:37,864 | INFO | jarvis | Loading wake-word model.
2026-09-11 21:27:38,015 | INFO | jarvis | Waiting for wake word.
2026-09-11 21:27:47,940 | INFO | jarvis | Wake word detected.
2026-09-11 21:27:48,556 | INFO | jarvis | Listening for command.
2026-09-11 21:27:50,809 | INFO | jarvis | No command recognized.
2026-09-11 21:27:51,310 | INFO | jarvis | Waiting for wake word.
2026-09-11 21:28:05,209 | INFO | jarvis | Wake word detected.
2026-09-11 21:28:05,835 | INFO | jarvis | Listening for command.
2026-09-11 21:28:08,601 | INFO | jarvis | Command recognized: 'open chrome'
2026-09-11 21:28:08,621 | INFO | jarvis | Command routing result: success=True | command='open chrome'
2026-09-11 21:28:09,222 | INFO | jarvis | Waiting for wake word.
2026-09-11 21:33:19,899 | INFO | jarvis | Jarvis starting.
2026-09-11 21:33:19,900 | INFO | jarvis | Project directory: C:\Users\naren\Downloads\jarvis_windows_no_picovoice\jarvis
2026-09-11 21:33:19,900 | INFO | jarvis | Loading Vosk model.
2026-09-11 21:33:19,900 | INFO | stt | Loading Vosk model: C:\Users\naren\Downloads\jarvis_windows_no_picovoice\vosk-model-small-en-us-0.15
2026-09-11 21:33:20,658 | INFO | stt | Vosk model loaded
2026-09-11 21:33:20,658 | INFO | jarvis | Loading wake-word model.
2026-09-11 21:33:20,826 | INFO | jarvis | Waiting for wake word.
2026-09-11 21:33:29,502 | INFO | jarvis | Wake word detected.
2026-09-11 21:33:30,119 | INFO | jarvis | Listening for command.
2026-09-11 21:33:32,773 | INFO | jarvis | Command recognized: 'open chrome'
2026-09-11 21:33:32,787 | INFO | jarvis | Command routing result: success=True | command='open chrome'
2026-09-11 21:33:33,388 | INFO | jarvis | Waiting for wake word.
2026-09-11 21:33:43,204 | INFO | jarvis | Wake word detected.
2026-09-11 21:33:43,828 | INFO | jarvis | Listening for command.
2026-09-11 21:33:46,149 | INFO | jarvis | Command recognized: 'close chrome'
2026-09-11 21:33:48,293 | INFO | jarvis | Command routing result: success=False | command='close chrome'
2026-09-11 21:33:48,893 | INFO | jarvis | Waiting for wake word.
2026-09-11 21:34:11,750 | INFO | jarvis | Wake word detected.
2026-09-11 21:34:12,372 | INFO | jarvis | Listening for command.
2026-09-11 21:34:14,309 | INFO | jarvis | No command recognized.
2026-09-11 21:34:14,810 | INFO | jarvis | Waiting for wake word.
2026-09-11 21:34:34,973 | INFO | jarvis | Jarvis starting.
2026-09-11 21:34:34,974 | INFO | jarvis | Project directory: C:\Users\naren\Downloads\jarvis_windows_no_picovoice\jarvis
2026-09-11 21:34:34,974 | INFO | jarvis | Loading Vosk model.
2026-09-11 21:34:34,974 | INFO | stt | Loading Vosk model: C:\Users\naren\Downloads\jarvis_windows_no_picovoice\vosk-model-small-en-us-0.15
2026-09-11 21:34:35,610 | INFO | stt | Vosk model loaded
2026-09-11 21:34:35,611 | INFO | jarvis | Loading wake-word model.
2026-09-11 21:34:35,751 | INFO | jarvis | Waiting for wake word.
2026-09-11 21:34:41,913 | INFO | jarvis | Wake word detected.
2026-09-11 21:34:42,529 | INFO | jarvis | Listening for command.
2026-09-11 21:34:45,128 | INFO | jarvis | Command recognized: 'open chrome'
2026-09-11 21:34:45,140 | INFO | jarvis | Command routing result: success=True | command='open chrome'
2026-09-11 21:34:45,741 | INFO | jarvis | Waiting for wake word.
2026-09-11 21:34:52,354 | INFO | jarvis | Wake word detected.
2026-09-11 21:34:52,971 | INFO | jarvis | Listening for command.
2026-09-11 21:34:55,315 | INFO | jarvis | No command recognized.
2026-09-11 21:34:55,816 | INFO | jarvis | Waiting for wake word.
2026-09-11 21:35:00,829 | INFO | jarvis | Wake word detected.
2026-09-11 21:35:01,448 | INFO | jarvis | Listening for command.
2026-09-11 21:35:03,515 | INFO | jarvis | No command recognized.
2026-09-11 21:35:04,016 | INFO | jarvis | Waiting for wake word.
2026-09-11 21:35:20,784 | INFO | jarvis | Wake word detected.
2026-09-11 21:35:21,400 | INFO | jarvis | Listening for command.
2026-09-11 21:35:24,334 | INFO | jarvis | Command recognized: 'close chrome'
2026-09-11 21:35:26,441 | INFO | jarvis | Command routing result: success=False | command='close chrome'
2026-09-11 21:35:27,042 | INFO | jarvis | Waiting for wake word.
2026-09-11 21:36:52,443 | INFO | jarvis | Jarvis starting.
2026-09-11 21:36:52,443 | INFO | jarvis | Project directory: C:\Users\naren\Downloads\jarvis_windows_no_picovoice\jarvis
2026-09-11 21:36:52,444 | INFO | jarvis | Loading Vosk model.
2026-09-11 21:36:52,444 | INFO | stt | Loading Vosk model: C:\Users\naren\Downloads\jarvis_windows_no_picovoice\vosk-model-small-en-us-0.15
2026-09-11 21:36:53,213 | INFO | stt | Vosk model loaded
2026-09-11 21:36:53,213 | INFO | jarvis | Loading wake-word model.
2026-09-11 21:36:53,384 | INFO | jarvis | Waiting for wake word.
2026-09-11 21:37:03,069 | INFO | jarvis | Wake word detected.
2026-09-11 21:37:03,692 | INFO | jarvis | Listening for command.
2026-09-11 21:37:05,961 | INFO | jarvis | Command recognized: 'open chrome'
2026-09-11 21:37:05,973 | INFO | jarvis | Command routing result: success=True | command='open chrome'
2026-09-11 21:37:06,573 | INFO | jarvis | Waiting for wake word.
2026-09-11 21:37:11,829 | INFO | jarvis | Wake word detected.
2026-09-11 21:37:12,450 | INFO | jarvis | Listening for command.
2026-09-11 21:37:14,759 | INFO | jarvis | No command recognized.
2026-09-11 21:37:15,260 | INFO | jarvis | Waiting for wake word.
2026-09-11 21:37:21,158 | INFO | jarvis | Wake word detected.
2026-09-11 21:37:21,769 | INFO | jarvis | Listening for command.
2026-09-11 21:37:24,038 | INFO | jarvis | Command recognized: 'close chrome'
2026-09-11 21:37:26,153 | INFO | jarvis | Command routing result: success=False | command='close chrome'
2026-09-11 21:37:26,754 | INFO | jarvis | Waiting for wake word.
2026-09-11 21:37:35,293 | INFO | jarvis | Wake word detected.
2026-09-11 21:37:35,912 | INFO | jarvis | Listening for command.
2026-09-11 21:39:52,054 | INFO | jarvis | Jarvis starting.
2026-09-11 21:39:52,055 | INFO | jarvis | Project directory: C:\Users\naren\Downloads\jarvis_windows_no_picovoice\jarvis
2026-09-11 21:39:52,055 | INFO | jarvis | Loading Vosk model.
2026-09-11 21:39:52,055 | INFO | stt | Loading Vosk model: C:\Users\naren\Downloads\jarvis_windows_no_picovoice\vosk-model-small-en-us-0.15
2026-09-11 21:39:52,754 | INFO | stt | Vosk model loaded
2026-09-11 21:39:52,754 | INFO | jarvis | Loading wake-word model.
2026-09-11 21:39:52,897 | INFO | jarvis | Waiting for wake word.
2026-09-11 21:40:00,257 | INFO | jarvis | Wake word detected.
2026-09-11 21:40:00,877 | INFO | jarvis | Listening for command.
2026-09-11 21:40:03,540 | INFO | jarvis | No command recognized.
2026-09-11 21:40:04,042 | INFO | jarvis | Waiting for wake word.
2026-09-11 21:40:14,816 | INFO | jarvis | Wake word detected.
2026-09-11 21:40:15,438 | INFO | jarvis | Listening for command.
2026-09-11 21:40:19,076 | INFO | jarvis | Command recognized: 'open notepad'
2026-09-11 21:40:19,151 | INFO | jarvis | Command routing result: success=True | command='open notepad'
2026-09-11 21:40:19,752 | INFO | jarvis | Waiting for wake word.
2026-09-11 21:40:29,755 | INFO | jarvis | Wake word detected.
2026-09-11 21:40:30,366 | INFO | jarvis | Listening for command.
2026-09-11 21:40:32,708 | INFO | jarvis | No command recognized.
2026-09-11 21:40:33,209 | INFO | jarvis | Waiting for wake word.
2026-09-11 21:40:35,184 | INFO | jarvis | Wake word detected.
2026-09-11 21:40:35,807 | INFO | jarvis | Listening for command.
2026-09-11 21:40:38,154 | INFO | jarvis | No command recognized.
2026-09-11 21:40:38,655 | INFO | jarvis | Waiting for wake word.
2026-09-11 21:42:09,094 | INFO | jarvis | Jarvis starting.
2026-09-11 21:42:09,094 | INFO | jarvis | Project directory: C:\Users\naren\Downloads\jarvis_windows_no_picovoice\jarvis
2026-09-11 21:42:09,094 | INFO | jarvis | Loading Vosk model.
2026-09-11 21:42:09,095 | INFO | stt | Loading Vosk model: C:\Users\naren\Downloads\jarvis_windows_no_picovoice\vosk-model-small-en-us-0.15
2026-09-11 21:42:09,743 | INFO | stt | Vosk model loaded
2026-09-11 21:42:09,743 | INFO | jarvis | Loading wake-word model.
2026-09-11 21:42:09,883 | INFO | jarvis | Waiting for wake word.
2026-09-11 21:42:20,045 | INFO | jarvis | Wake word detected.
2026-09-11 21:42:20,665 | INFO | jarvis | Listening for command.
2026-09-11 21:42:22,991 | INFO | jarvis | No command recognized.
2026-09-11 21:42:23,493 | INFO | jarvis | Waiting for wake word.
2026-09-11 21:42:36,118 | INFO | jarvis | Wake word detected.
2026-09-11 21:42:36,739 | INFO | jarvis | Listening for command.
2026-09-11 21:42:39,279 | INFO | jarvis | Command recognized: 'open calculator'
2026-09-11 21:42:39,293 | INFO | jarvis | Command routing result: success=True | command='open calculator'
2026-09-11 21:42:39,894 | INFO | jarvis | Waiting for wake word.
2026-09-11 21:42:41,861 | INFO | jarvis | Wake word detected.
2026-09-11 21:42:42,483 | INFO | jarvis | Listening for command.
2026-09-11 21:42:44,836 | INFO | jarvis | No command recognized.
2026-09-11 21:42:45,337 | INFO | jarvis | Waiting for wake word.
2026-09-11 21:42:55,392 | INFO | jarvis | Wake word detected.
2026-09-11 21:42:56,008 | INFO | jarvis | Listening for command.
2026-09-11 21:42:59,150 | INFO | jarvis | Command recognized: 'open chrome'
2026-09-11 21:43:03,424 | INFO | jarvis | Command routing result: success=True | command='open chrome'
2026-09-11 21:43:04,025 | INFO | jarvis | Waiting for wake word.
2026-09-11 21:43:29,857 | INFO | jarvis | Wake word detected.
2026-09-11 21:43:30,480 | INFO | jarvis | Listening for command.
2026-09-11 21:43:33,070 | INFO | jarvis | Command recognized: 'resume'
2026-09-11 21:43:33,071 | INFO | jarvis | Command routing result: success=False | command='resume'
2026-09-11 21:43:33,671 | INFO | jarvis | Waiting for wake word.
2026-09-11 21:43:42,766 | INFO | jarvis | Wake word detected.
2026-09-11 21:43:43,391 | INFO | jarvis | Listening for command.
2026-09-11 21:43:45,870 | INFO | jarvis | Command recognized: 'find my resume'
2026-09-11 21:43:51,271 | INFO | jarvis | Command routing result: success=True | command='find my resume'
2026-09-11 21:43:51,871 | INFO | jarvis | Waiting for wake word.
2026-09-11 21:44:24,296 | INFO | jarvis | Jarvis starting.
2026-09-11 21:44:24,297 | INFO | jarvis | Project directory: C:\Users\naren\Downloads\jarvis_windows_no_picovoice\jarvis
2026-09-11 21:44:24,297 | INFO | jarvis | Loading Vosk model.
2026-09-11 21:44:24,297 | INFO | stt | Loading Vosk model: C:\Users\naren\Downloads\jarvis_windows_no_picovoice\vosk-model-small-en-us-0.15
2026-09-11 21:44:24,937 | INFO | stt | Vosk model loaded
2026-09-11 21:44:24,937 | INFO | jarvis | Loading wake-word model.
2026-09-11 21:44:25,084 | INFO | jarvis | Waiting for wake word.
2026-09-11 21:44:35,648 | INFO | jarvis | Wake word detected.
2026-09-11 21:44:36,266 | INFO | jarvis | Listening for command.
2026-09-11 21:44:38,601 | INFO | jarvis | No command recognized.
2026-09-11 21:44:39,102 | INFO | jarvis | Waiting for wake word.
2026-09-11 21:44:51,237 | INFO | jarvis | Wake word detected.
2026-09-11 21:44:51,860 | INFO | jarvis | Listening for command.
2026-09-11 21:44:54,298 | INFO | jarvis | Command recognized: 'open chrome'
2026-09-11 21:44:58,373 | INFO | jarvis | Command routing result: success=True | command='open chrome'
2026-09-11 21:44:58,974 | INFO | jarvis | Waiting for wake word.
2026-09-11 21:45:03,536 | INFO | jarvis | Wake word detected.
2026-09-11 21:45:04,158 | INFO | jarvis | Listening for command.
2026-09-11 21:45:06,401 | INFO | jarvis | Command recognized: 'close chrome'
2026-09-11 21:45:08,615 | INFO | jarvis | Command routing result: success=True | command='close chrome'
2026-09-11 21:45:09,216 | INFO | jarvis | Waiting for wake word.
2026-09-11 21:45:23,864 | INFO | jarvis | Jarvis starting.
2026-09-11 21:45:23,864 | INFO | jarvis | Project directory: C:\Users\naren\Downloads\jarvis_windows_no_picovoice\jarvis
2026-09-11 21:45:23,864 | INFO | jarvis | Loading Vosk model.
2026-09-11 21:45:23,864 | INFO | stt | Loading Vosk model: C:\Users\naren\Downloads\jarvis_windows_no_picovoice\vosk-model-small-en-us-0.15
2026-09-11 21:45:24,528 | INFO | stt | Vosk model loaded
2026-09-11 21:45:24,529 | INFO | jarvis | Loading wake-word model.
2026-09-11 21:45:24,678 | INFO | jarvis | Waiting for wake word.
2026-09-11 21:45:29,314 | INFO | jarvis | Wake word detected.
2026-09-11 21:45:29,939 | INFO | jarvis | Listening for command.
2026-09-11 21:45:32,303 | INFO | jarvis | No command recognized.
2026-09-11 21:45:32,804 | INFO | jarvis | Waiting for wake word.
2026-09-11 21:45:41,979 | INFO | jarvis | Wake word detected.
2026-09-11 21:45:42,600 | INFO | jarvis | Listening for command.
2026-09-11 21:45:46,293 | INFO | jarvis | No command recognized.
2026-09-11 21:45:46,794 | INFO | jarvis | Waiting for wake word.
2026-09-11 21:45:53,004 | INFO | jarvis | Wake word detected.
2026-09-11 21:45:53,619 | INFO | jarvis | Listening for command.
2026-09-11 21:45:56,464 | INFO | jarvis | Command recognized: 'open calculator'
2026-09-11 21:45:56,477 | INFO | jarvis | Command routing result: success=True | command='open calculator'
2026-09-11 21:45:57,078 | INFO | jarvis | Waiting for wake word.
2026-09-11 21:46:11,358 | INFO | jarvis | Wake word detected.
2026-09-11 21:46:11,980 | INFO | jarvis | Listening for command.
2026-09-11 21:46:15,062 | INFO | jarvis | Command recognized: 'close calculator'
2026-09-11 21:46:17,153 | INFO | jarvis | Command routing result: success=False | command='close calculator'
2026-09-11 21:46:17,755 | INFO | jarvis | Waiting for wake word.
2026-09-11 21:46:23,590 | INFO | jarvis | Wake word detected.
2026-09-11 21:46:24,204 | INFO | jarvis | Listening for command.
2026-09-11 21:46:26,646 | INFO | jarvis | Command recognized: 'close calculator'
2026-09-11 21:46:26,647 | INFO | jarvis | Command routing result: success=False | command='close calculator'
2026-09-11 21:46:27,248 | INFO | jarvis | Waiting for wake word.
2026-09-11 21:47:37,246 | INFO | jarvis | Jarvis starting.
2026-09-11 21:47:37,247 | INFO | jarvis | Project directory: C:\Users\naren\Downloads\jarvis_windows_no_picovoice\jarvis
2026-09-11 21:47:37,247 | INFO | jarvis | Loading Vosk model.
2026-09-11 21:47:37,247 | INFO | stt | Loading Vosk model: C:\Users\naren\Downloads\jarvis_windows_no_picovoice\vosk-model-small-en-us-0.15
2026-09-11 21:47:37,894 | INFO | stt | Vosk model loaded
2026-09-11 21:47:37,895 | INFO | jarvis | Loading wake-word model.
2026-09-11 21:47:38,038 | INFO | jarvis | Waiting for wake word.
2026-09-11 21:47:59,728 | INFO | jarvis | Wake word detected.
2026-09-11 21:48:00,342 | INFO | jarvis | Listening for command.
2026-09-11 21:48:02,541 | INFO | jarvis | Command recognized: 'open vs code'
2026-09-11 21:48:02,561 | INFO | jarvis | Command routing result: success=True | command='open vs code'
2026-09-11 21:48:03,162 | INFO | jarvis | Waiting for wake word.
2026-09-11 21:48:10,003 | INFO | jarvis | Wake word detected.
2026-09-11 21:48:10,622 | INFO | jarvis | Listening for command.
2026-09-11 21:48:12,350 | INFO | jarvis | No command recognized.
2026-09-11 21:48:12,850 | INFO | jarvis | Waiting for wake word.
2026-09-11 21:48:17,148 | INFO | jarvis | Wake word detected.
2026-09-11 21:48:17,768 | INFO | jarvis | Listening for command.
2026-09-11 21:48:20,677 | INFO | jarvis | Command recognized: 'close vs code'
2026-09-11 21:48:22,804 | INFO | jarvis | Command routing result: success=False | command='close vs code'
2026-09-11 21:48:23,405 | INFO | jarvis | Waiting for wake word.
2026-09-11 21:48:25,399 | INFO | jarvis | Wake word detected.
2026-09-11 21:48:26,016 | INFO | jarvis | Listening for command.
2026-09-11 21:48:28,351 | INFO | jarvis | No command recognized.
2026-09-11 21:48:28,853 | INFO | jarvis | Waiting for wake word.
2026-09-11 22:39:34,874 | INFO | jarvis | Jarvis starting.
2026-09-11 22:39:34,874 | INFO | jarvis | Project directory: C:\Users\naren\Downloads\jarvis_windows_no_picovoice\jarvis
2026-09-11 22:39:34,875 | INFO | jarvis | Loading Vosk model.
2026-09-11 22:39:34,875 | INFO | stt | Loading Vosk model: C:\Users\naren\Downloads\jarvis_windows_no_picovoice\vosk-model-small-en-us-0.15
2026-09-11 22:39:35,580 | INFO | stt | Vosk model loaded
2026-09-11 22:39:35,580 | INFO | jarvis | Loading wake-word model.
2026-09-11 22:39:35,775 | INFO | jarvis | Waiting for wake word.
2026-09-11 22:40:25,638 | INFO | jarvis | Jarvis starting.
2026-09-11 22:40:25,638 | INFO | jarvis | Project directory: C:\Users\naren\Downloads\jarvis_windows_no_picovoice\jarvis
2026-09-11 22:40:25,639 | INFO | jarvis | Loading Vosk model.
2026-09-11 22:40:25,639 | INFO | stt | Loading Vosk model: C:\Users\naren\Downloads\jarvis_windows_no_picovoice\vosk-model-small-en-us-0.15
2026-09-11 22:40:26,303 | INFO | stt | Vosk model loaded
2026-09-11 22:40:26,303 | INFO | jarvis | Loading wake-word model.
2026-09-11 22:40:26,443 | INFO | jarvis | Waiting for wake word.
2026-09-11 22:59:02,058 | INFO | jarvis | Jarvis starting.
2026-09-11 22:59:02,058 | INFO | jarvis | Project directory: C:\Users\naren\Downloads\jarvis_windows_no_picovoice\jarvis
2026-09-11 22:59:02,059 | INFO | jarvis | Loading Vosk model.
2026-09-11 22:59:02,059 | INFO | stt | Loading Vosk model: C:\Users\naren\Downloads\jarvis_windows_no_picovoice\vosk-model-small-en-us-0.15
2026-09-11 22:59:02,721 | INFO | stt | Vosk model loaded
2026-09-11 22:59:02,721 | INFO | jarvis | Loading wake-word model.
2026-09-11 22:59:02,911 | INFO | jarvis | Waiting for wake word.
2026-09-11 22:59:14,612 | INFO | jarvis | Wake word detected.
2026-09-11 22:59:15,239 | INFO | jarvis | Listening for command.
2026-09-11 22:59:17,859 | INFO | jarvis | Command recognized: 'open chrome'
2026-09-11 22:59:24,459 | INFO | jarvis | Command routing result: success=True | command='open chrome'
2026-09-11 22:59:25,060 | INFO | jarvis | Waiting for wake word.
2026-09-11 22:59:44,357 | INFO | jarvis | Wake word detected.
2026-09-11 22:59:44,970 | INFO | jarvis | Listening for command.
2026-09-11 22:59:48,084 | INFO | jarvis | Command recognized: 'close chrome'
2026-09-11 22:59:50,473 | INFO | jarvis | Command routing result: success=True | command='close chrome'
2026-09-11 22:59:51,074 | INFO | jarvis | Waiting for wake word.
2026-09-11 23:00:02,455 | INFO | jarvis | Wake word detected.
2026-09-11 23:00:03,075 | INFO | jarvis | Listening for command.
2026-09-11 23:00:07,398 | INFO | jarvis | Command recognized: 'open notepad'
2026-09-11 23:00:14,007 | INFO | jarvis | Command routing result: success=True | command='open notepad'
2026-09-11 23:00:14,608 | INFO | jarvis | Waiting for wake word.
2026-09-11 23:01:21,423 | INFO | jarvis | Wake word detected.
2026-09-11 23:01:22,047 | INFO | jarvis | Listening for command.
2026-09-11 23:01:25,693 | INFO | jarvis | Command recognized: 'close notepad'
2026-09-11 23:01:30,215 | INFO | jarvis | Command routing result: success=True | command='close notepad'
2026-09-11 23:01:30,817 | INFO | jarvis | Waiting for wake word.
2026-09-11 23:01:32,851 | INFO | jarvis | Wake word detected.
2026-09-11 23:01:33,464 | INFO | jarvis | Listening for command.
2026-09-11 23:01:35,763 | INFO | jarvis | No command recognized.
2026-09-11 23:01:36,264 | INFO | jarvis | Waiting for wake word.
2026-09-11 23:02:10,640 | INFO | jarvis | Jarvis starting.
2026-09-11 23:02:10,640 | INFO | jarvis | Project directory: C:\Users\naren\Downloads\jarvis_windows_no_picovoice\jarvis
2026-09-11 23:02:10,640 | INFO | jarvis | Loading Vosk model.
2026-09-11 23:02:10,640 | INFO | stt | Loading Vosk model: C:\Users\naren\Downloads\jarvis_windows_no_picovoice\vosk-model-small-en-us-0.15
2026-09-11 23:02:11,298 | INFO | stt | Vosk model loaded
2026-09-11 23:02:11,299 | INFO | jarvis | Loading wake-word model.
2026-09-11 23:02:11,439 | INFO | jarvis | Waiting for wake word.
2026-09-11 23:10:36,983 | INFO | jarvis | Jarvis starting.
2026-09-11 23:10:36,983 | INFO | jarvis | Project directory: C:\Users\naren\Downloads\jarvis_windows_no_picovoice\jarvis
2026-09-11 23:10:36,984 | INFO | jarvis | Loading Vosk model.
2026-09-11 23:10:36,984 | INFO | stt | Loading Vosk model: C:\Users\naren\Downloads\jarvis_windows_no_picovoice\vosk-model-small-en-us-0.15
2026-09-11 23:10:37,676 | INFO | stt | Vosk model loaded
2026-09-11 23:10:37,676 | INFO | jarvis | Loading wake-word model.
2026-09-11 23:10:37,826 | INFO | jarvis | Waiting for wake word.
2026-09-11 23:10:45,625 | INFO | jarvis | Wake word detected.
2026-09-11 23:10:46,247 | INFO | jarvis | Listening for command.
2026-09-11 23:10:47,910 | INFO | jarvis | No command recognized.
2026-09-11 23:10:48,412 | INFO | jarvis | Waiting for wake word.
2026-09-11 23:10:50,415 | INFO | jarvis | Wake word detected.
2026-09-11 23:10:51,035 | INFO | jarvis | Listening for command.
2026-09-11 23:10:53,453 | INFO | jarvis | No command recognized.
2026-09-11 23:10:53,955 | INFO | jarvis | Waiting for wake word.
2026-09-11 23:11:04,780 | INFO | jarvis | Wake word detected.
2026-09-11 23:11:05,400 | INFO | jarvis | Listening for command.
2026-09-11 23:11:09,845 | INFO | jarvis | Command recognized: 'open my resume'
2026-09-11 23:11:09,847 | INFO | jarvis | Command routing result: success=False | command='open my resume'
2026-09-11 23:11:10,448 | INFO | jarvis | Waiting for wake word.
2026-09-11 23:11:12,463 | INFO | jarvis | Wake word detected.
2026-09-11 23:11:13,083 | INFO | jarvis | Listening for command.
2026-09-11 23:11:14,754 | INFO | jarvis | No command recognized.
2026-09-11 23:11:15,255 | INFO | jarvis | Waiting for wake word.
2026-09-11 23:11:33,104 | INFO | jarvis | Wake word detected.
2026-09-11 23:11:33,727 | INFO | jarvis | Listening for command.
2026-09-11 23:11:37,138 | INFO | jarvis | Command recognized: 'open vs code'
2026-09-11 23:11:40,643 | INFO | jarvis | Command routing result: success=True | command='open vs code'
2026-09-11 23:11:41,244 | INFO | jarvis | Waiting for wake word.
2026-09-11 23:11:51,292 | INFO | jarvis | Wake word detected.
2026-09-11 23:11:51,907 | INFO | jarvis | Listening for command.
2026-09-11 23:11:55,856 | INFO | jarvis | Command recognized: 'close vs code'
2026-09-11 23:11:57,643 | INFO | jarvis | Command routing result: success=False | command='close vs code'
2026-09-11 23:11:58,243 | INFO | jarvis | Waiting for wake word.
2026-09-11 23:12:00,260 | INFO | jarvis | Wake word detected.
2026-09-11 23:12:00,884 | INFO | jarvis | Listening for command.
2026-09-11 23:12:02,648 | INFO | jarvis | No command recognized.
2026-09-11 23:12:03,149 | INFO | jarvis | Waiting for wake word.
2026-09-11 23:20:02,268 | INFO | jarvis | Jarvis starting.
2026-09-11 23:20:02,268 | INFO | jarvis | Project directory: C:\Users\naren\Downloads\jarvis_windows_no_picovoice\jarvis
2026-09-11 23:20:02,269 | INFO | jarvis | Loading Vosk model.
2026-09-11 23:20:02,269 | INFO | stt | Loading Vosk model: C:\Users\naren\Downloads\jarvis_windows_no_picovoice\vosk-model-small-en-us-0.15
2026-09-11 23:20:03,100 | INFO | stt | Vosk model loaded
2026-09-11 23:20:03,101 | INFO | jarvis | Loading wake-word model.
2026-09-11 23:20:03,319 | INFO | jarvis | Waiting for wake word.
2026-09-11 23:20:20,242 | INFO | jarvis | Wake word detected.
2026-09-11 23:20:20,867 | INFO | jarvis | Listening for command.
2026-09-11 23:20:22,689 | INFO | jarvis | No command recognized.
2026-09-11 23:20:23,190 | INFO | jarvis | Waiting for wake word.
2026-09-11 23:20:29,062 | INFO | jarvis | Wake word detected.
2026-09-11 23:20:29,677 | INFO | jarvis | Listening for command.
2026-09-11 23:20:33,273 | INFO | jarvis | Command recognized: 'open calculator'
2026-09-11 23:20:35,563 | INFO | jarvis | Command routing result: success=True | command='open calculator'
2026-09-11 23:20:36,164 | INFO | jarvis | Waiting for wake word.
2026-09-11 23:20:38,170 | INFO | jarvis | Wake word detected.
2026-09-11 23:20:38,783 | INFO | jarvis | Listening for command.
2026-09-11 23:20:42,352 | INFO | jarvis | Command recognized: 'close calculator'
2026-09-11 23:20:43,966 | INFO | jarvis | Command routing result: success=False | command='close calculator'
2026-09-11 23:20:44,566 | INFO | jarvis | Waiting for wake word.
2026-09-11 23:21:36,672 | INFO | jarvis | Wake word detected.
2026-09-11 23:21:37,284 | INFO | jarvis | Listening for command.
2026-09-11 23:21:40,305 | INFO | jarvis | Command recognized: 'open chrome'
2026-09-11 23:21:46,831 | INFO | jarvis | Command routing result: success=True | command='open chrome'
2026-09-11 23:21:47,431 | INFO | jarvis | Waiting for wake word.
2026-09-11 23:21:55,139 | INFO | jarvis | Wake word detected.
2026-09-11 23:21:55,761 | INFO | jarvis | Listening for command.
2026-09-11 23:22:00,136 | INFO | jarvis | Command recognized: 'close chrome'
2026-09-11 23:22:01,953 | INFO | jarvis | Command routing result: success=True | command='close chrome'
2026-09-11 23:22:02,555 | INFO | jarvis | Waiting for wake word.
2026-09-11 23:22:18,980 | INFO | jarvis | Wake word detected.
2026-09-11 23:22:19,597 | INFO | jarvis | Listening for command.
2026-09-11 23:22:24,187 | INFO | jarvis | Command recognized: 'open explorer'
2026-09-11 23:22:28,795 | INFO | jarvis | Command routing result: success=True | command='open explorer'
2026-09-11 23:22:29,396 | INFO | jarvis | Waiting for wake word.
2026-09-11 23:22:48,725 | INFO | jarvis | Wake word detected.
2026-09-11 23:22:49,348 | INFO | jarvis | Listening for command.
2026-09-11 23:22:53,379 | INFO | jarvis | Command recognized: 'close explorer'
2026-09-11 23:22:53,682 | INFO | jarvis | Command routing result: success=True | command='close explorer'
2026-09-11 23:22:54,283 | INFO | jarvis | Waiting for wake word.
2026-09-12 15:02:22,524 | INFO | jarvis | Jarvis starting.
2026-09-12 15:02:22,525 | INFO | jarvis | Project directory: C:\Users\naren\Downloads\jarvis_windows_no_picovoice\jarvis
2026-09-12 15:02:22,525 | INFO | jarvis | Loading Vosk model.
2026-09-12 15:02:22,525 | INFO | stt | Loading Vosk model: C:\Users\naren\Downloads\jarvis_windows_no_picovoice\vosk-model-small-en-us-0.15
2026-09-12 15:02:23,262 | INFO | stt | Vosk model loaded
2026-09-12 15:02:23,262 | INFO | jarvis | Loading wake-word model.
2026-09-12 15:02:23,515 | INFO | jarvis | Waiting for wake word.
2026-09-12 15:02:35,655 | INFO | jarvis | Wake word detected.
2026-09-12 15:02:36,270 | INFO | jarvis | Listening for command.
2026-09-12 15:02:39,528 | INFO | jarvis | Command recognized: 'open chrome'
2026-09-12 15:02:47,060 | INFO | jarvis | Command routing result: success=True | command='open chrome'
2026-09-12 15:02:47,661 | INFO | jarvis | Waiting for wake word.
2026-09-12 15:02:49,891 | INFO | jarvis | Wake word detected.
2026-09-12 15:02:50,509 | INFO | jarvis | Listening for command.
2026-09-12 15:02:53,590 | INFO | jarvis | Command recognized: 'close chrome'
2026-09-12 15:02:57,476 | INFO | jarvis | Command routing result: success=True | command='close chrome'
2026-09-12 15:02:58,076 | INFO | jarvis | Waiting for wake word.
2026-09-12 15:03:03,436 | INFO | jarvis | Wake word detected.
2026-09-12 15:03:04,048 | INFO | jarvis | Listening for command.
2026-09-12 15:03:07,124 | INFO | jarvis | Command recognized: 'open notepad'
2026-09-12 15:03:13,865 | INFO | jarvis | Command routing result: success=True | command='open notepad'
2026-09-12 15:03:14,466 | INFO | jarvis | Waiting for wake word.
2026-09-12 15:03:34,694 | INFO | jarvis | Wake word detected.
2026-09-12 15:03:35,317 | INFO | jarvis | Listening for command.
2026-09-12 15:03:38,556 | INFO | jarvis | Command recognized: 'close notepad'
2026-09-12 15:03:40,894 | INFO | jarvis | Command routing result: success=True | command='close notepad'
2026-09-12 15:03:41,496 | INFO | jarvis | Waiting for wake word.
2026-09-12 15:03:43,485 | INFO | jarvis | Wake word detected.
2026-09-12 15:03:44,106 | INFO | jarvis | Listening for command.
2026-09-12 15:03:49,462 | INFO | jarvis | No command recognized.
2026-09-12 15:03:49,962 | INFO | jarvis | Waiting for wake word.
2026-09-12 15:03:54,592 | INFO | jarvis | Wake word detected.
2026-09-12 15:03:55,205 | INFO | jarvis | Listening for command.
2026-09-12 15:04:00,516 | INFO | jarvis | Command recognized: 'open vs code'
2026-09-12 15:04:03,244 | INFO | jarvis | Command routing result: success=True | command='open vs code'
2026-09-12 15:04:03,845 | INFO | jarvis | Waiting for wake word.
2026-09-12 15:04:05,890 | INFO | jarvis | Wake word detected.
2026-09-12 15:04:06,505 | INFO | jarvis | Listening for command.
2026-09-12 15:04:11,815 | INFO | jarvis | No command recognized.
2026-09-12 15:04:12,316 | INFO | jarvis | Waiting for wake word.
2026-09-12 15:04:16,290 | INFO | jarvis | Wake word detected.
2026-09-12 15:04:16,904 | INFO | jarvis | Listening for command.
2026-09-12 15:04:22,269 | INFO | jarvis | Command recognized: 'close vs code'
2026-09-12 15:04:23,976 | INFO | jarvis | Command routing result: success=False | command='close vs code'
2026-09-12 15:04:24,576 | INFO | jarvis | Waiting for wake word.
2026-09-12 15:06:43,240 | INFO | jarvis | Jarvis starting.
2026-09-12 15:06:43,240 | INFO | jarvis | Project directory: C:\Users\naren\Downloads\jarvis_windows_no_picovoice\jarvis
2026-09-12 15:06:43,240 | INFO | jarvis | Loading Vosk model.
2026-09-12 15:06:43,240 | INFO | stt | Loading Vosk model: C:\Users\naren\Downloads\jarvis_windows_no_picovoice\vosk-model-small-en-us-0.15
2026-09-12 15:06:43,991 | INFO | stt | Vosk model loaded
2026-09-12 15:06:43,991 | INFO | jarvis | Loading wake-word model.
2026-09-12 15:06:44,163 | INFO | jarvis | Waiting for wake word.
2026-09-12 15:06:55,109 | INFO | jarvis | Wake word detected.
2026-09-12 15:06:55,730 | INFO | jarvis | Listening for command.
2026-09-12 15:07:01,025 | INFO | jarvis | Command recognized: 'open calculator'
2026-09-12 15:07:03,465 | INFO | jarvis | Command routing result: success=True | command='open calculator'
2026-09-12 15:07:04,066 | INFO | jarvis | Waiting for wake word.
2026-09-12 15:07:06,053 | INFO | jarvis | Wake word detected.
2026-09-12 15:07:06,666 | INFO | jarvis | Listening for command.
2026-09-12 15:07:12,042 | INFO | jarvis | Command recognized: 'close calculator'
2026-09-12 15:07:13,798 | INFO | jarvis | Command routing result: success=False | command='close calculator'
2026-09-12 15:07:14,399 | INFO | jarvis | Waiting for wake word.
2026-09-12 15:14:25,500 | INFO | jarvis | Jarvis starting.
2026-09-12 15:14:25,500 | INFO | jarvis | Project directory: C:\Users\naren\Downloads\jarvis_windows_no_picovoice\jarvis
2026-09-12 15:14:25,500 | INFO | jarvis | Loading Vosk model.
2026-09-12 15:14:25,500 | INFO | stt | Loading Vosk model: C:\Users\naren\Downloads\jarvis_windows_no_picovoice\vosk-model-small-en-us-0.15
2026-09-12 15:14:26,244 | INFO | stt | Vosk model loaded
2026-09-12 15:14:26,244 | INFO | jarvis | Loading wake-word model.
2026-09-12 15:14:26,413 | INFO | jarvis | Waiting for wake word.
2026-09-12 15:14:33,371 | INFO | jarvis | Wake word detected.
2026-09-12 15:14:33,995 | INFO | jarvis | Listening for command.
2026-09-12 15:14:37,566 | INFO | jarvis | Command recognized: 'open calculator'
2026-09-12 15:15:15,488 | INFO | jarvis | Jarvis starting.
2026-09-12 15:15:15,488 | INFO | jarvis | Project directory: C:\Users\naren\Downloads\jarvis_windows_no_picovoice\jarvis
2026-09-12 15:15:15,488 | INFO | jarvis | Loading Vosk model.
2026-09-12 15:15:15,489 | INFO | stt | Loading Vosk model: C:\Users\naren\Downloads\jarvis_windows_no_picovoice\vosk-model-small-en-us-0.15
2026-09-12 15:15:16,209 | INFO | stt | Vosk model loaded
2026-09-12 15:15:16,209 | INFO | jarvis | Loading wake-word model.
2026-09-12 15:15:16,371 | INFO | jarvis | Waiting for wake word.
2026-09-12 15:15:24,020 | INFO | jarvis | Wake word detected.
2026-09-12 15:15:24,636 | INFO | jarvis | Listening for command.
2026-09-12 15:15:29,990 | INFO | jarvis | Command recognized: 'close calculator'
2026-09-12 15:15:29,992 | INFO | jarvis | Command routing result: success=False | command='close calculator'
2026-09-12 15:15:30,593 | INFO | jarvis | Waiting for wake word.
2026-09-12 15:15:32,567 | INFO | jarvis | Wake word detected.
2026-09-12 15:15:33,181 | INFO | jarvis | Listening for command.
2026-09-12 15:15:38,530 | INFO | jarvis | Command recognized: 'close calculator'
2026-09-12 15:15:38,530 | INFO | jarvis | Command routing result: success=False | command='close calculator'
2026-09-12 15:15:39,131 | INFO | jarvis | Waiting for wake word.
2026-09-12 15:16:02,373 | INFO | jarvis | Wake word detected.
2026-09-12 15:16:02,986 | INFO | jarvis | Listening for command.
2026-09-12 15:16:08,335 | INFO | jarvis | Command recognized: 'open calculator'
2026-09-12 15:20:06,245 | INFO | jarvis | Jarvis starting.
2026-09-12 15:20:06,245 | INFO | jarvis | Project directory: C:\Users\naren\Downloads\jarvis_windows_no_picovoice\jarvis
2026-09-12 15:20:06,245 | INFO | jarvis | Loading Vosk model.
2026-09-12 15:20:06,246 | INFO | stt | Loading Vosk model: C:\Users\naren\Downloads\jarvis_windows_no_picovoice\vosk-model-small-en-us-0.15
2026-09-12 15:20:07,031 | INFO | stt | Vosk model loaded
2026-09-12 15:20:07,031 | INFO | jarvis | Loading wake-word model.
2026-09-12 15:20:07,201 | INFO | jarvis | Waiting for wake word.
2026-09-12 15:20:10,350 | INFO | jarvis | Wake word detected.
2026-09-12 15:20:10,965 | INFO | jarvis | Listening for command.
2026-09-12 15:20:16,349 | INFO | jarvis | Command recognized: 'open calculator'
2026-09-12 15:20:18,575 | INFO | jarvis | Command routing result: success=True | command='open calculator'
2026-09-12 15:20:19,177 | INFO | jarvis | Waiting for wake word.
2026-09-12 15:20:21,176 | INFO | jarvis | Wake word detected.
2026-09-12 15:20:21,797 | INFO | jarvis | Listening for command.
2026-09-12 15:20:26,030 | INFO | jarvis | Command recognized: 'close calculator'
2026-09-12 15:20:27,949 | INFO | jarvis | Command routing result: success=True | command='close calculator'
2026-09-12 15:20:28,549 | INFO | jarvis | Waiting for wake word.
2026-09-12 15:20:36,901 | INFO | jarvis | Wake word detected.
2026-09-12 15:20:37,518 | INFO | jarvis | Listening for command.
2026-09-12 15:20:40,662 | INFO | jarvis | Command recognized: 'open vs code'
2026-09-12 15:20:44,212 | INFO | jarvis | Command routing result: success=True | command='open vs code'
2026-09-12 15:20:44,813 | INFO | jarvis | Waiting for wake word.
2026-09-12 15:21:07,710 | INFO | jarvis | Wake word detected.
2026-09-12 15:21:08,332 | INFO | jarvis | Listening for command.
2026-09-12 15:21:11,106 | INFO | jarvis | Command recognized: 'close vs code'
2026-09-12 15:21:13,584 | INFO | jarvis | Command routing result: success=True | command='close vs code'
2026-09-12 15:21:14,186 | INFO | jarvis | Waiting for wake word.
2026-09-12 15:21:18,903 | INFO | jarvis | Wake word detected.
2026-09-12 15:21:19,516 | INFO | jarvis | Listening for command.
2026-09-12 15:21:21,919 | INFO | jarvis | No command recognized.
2026-09-12 15:21:22,420 | INFO | jarvis | Waiting for wake word.
2026-09-12 15:23:49,796 | INFO | jarvis | Jarvis starting.
2026-09-12 15:23:49,796 | INFO | jarvis | Project directory: C:\Users\naren\Downloads\jarvis_windows_no_picovoice\jarvis
2026-09-12 15:23:49,796 | INFO | jarvis | Loading Vosk model.
2026-09-12 15:23:49,796 | INFO | stt | Loading Vosk model: C:\Users\naren\Downloads\jarvis_windows_no_picovoice\vosk-model-small-en-us-0.15
2026-09-12 15:23:50,441 | INFO | stt | Vosk model loaded
2026-09-12 15:23:50,442 | INFO | jarvis | Loading wake-word model.
2026-09-12 15:23:50,589 | INFO | jarvis | Waiting for wake word.
2026-09-12 15:23:54,274 | INFO | jarvis | Wake word detected.
2026-09-12 15:23:54,895 | INFO | jarvis | Listening for command.
2026-09-12 15:23:57,810 | INFO | jarvis | Command recognized: 'open chrome'
2026-09-12 15:24:00,596 | INFO | jarvis | Command routing result: success=True | command='open chrome'
2026-09-12 15:24:01,196 | INFO | jarvis | Waiting for wake word.
2026-09-12 15:24:07,430 | INFO | jarvis | Wake word detected.
2026-09-12 15:24:08,056 | INFO | jarvis | Listening for command.
2026-09-12 15:24:10,490 | INFO | jarvis | Command recognized: 'close chrome'
2026-09-12 15:24:12,723 | INFO | jarvis | Command routing result: success=True | command='close chrome'
2026-09-12 15:24:13,323 | INFO | jarvis | Waiting for wake word.
2026-09-12 15:24:35,390 | INFO | jarvis | Wake word detected.
2026-09-12 15:24:36,000 | INFO | jarvis | Listening for command.
2026-09-12 15:24:39,099 | INFO | jarvis | Command recognized: 'open [unk]'
2026-09-12 15:24:39,101 | INFO | jarvis | Command routing result: success=False | command='open [unk]'
2026-09-12 15:24:39,701 | INFO | jarvis | Waiting for wake word.
2026-09-12 15:28:15,102 | INFO | jarvis | Jarvis starting.
2026-09-12 15:28:15,102 | INFO | jarvis | Project directory: C:\Users\naren\Downloads\jarvis_windows_no_picovoice\jarvis
2026-09-12 15:28:15,104 | INFO | jarvis | Loading Vosk model.
2026-09-12 15:28:15,104 | INFO | stt | Loading Vosk model: C:\Users\naren\Downloads\jarvis_windows_no_picovoice\vosk-model-small-en-us-0.15
2026-09-12 15:28:15,920 | INFO | stt | Vosk model loaded
2026-09-12 15:28:15,920 | INFO | jarvis | Loading wake-word model.
2026-09-12 15:28:16,097 | INFO | jarvis | Waiting for wake word.
2026-09-12 15:28:24,435 | INFO | jarvis | Wake word detected.
2026-09-12 15:28:25,055 | INFO | jarvis | Listening for command.
2026-09-12 15:28:28,626 | INFO | jarvis | Command recognized: 'open close'
2026-09-12 15:28:31,981 | INFO | jarvis | Command routing result: success=True | command='open close'
2026-09-12 15:28:32,582 | INFO | jarvis | Waiting for wake word.
2026-09-12 15:28:44,536 | INFO | jarvis | Wake word detected.
2026-09-12 15:28:45,145 | INFO | jarvis | Listening for command.
2026-09-12 15:28:50,528 | INFO | jarvis | Command recognized: 'open close'
2026-09-12 15:28:52,964 | INFO | jarvis | Command routing result: success=True | command='open close'
2026-09-12 15:28:53,565 | INFO | jarvis | Waiting for wake word.
2026-09-12 15:28:55,611 | INFO | jarvis | Wake word detected.
2026-09-12 15:28:56,225 | INFO | jarvis | Listening for command.
2026-09-12 15:29:00,395 | INFO | jarvis | Command recognized: 'open vs code'
2026-09-12 15:29:02,754 | INFO | jarvis | Command routing result: success=True | command='open vs code'
2026-09-12 15:29:03,355 | INFO | jarvis | Waiting for wake word.
2026-09-12 15:29:14,046 | INFO | jarvis | Wake word detected.
2026-09-12 15:29:14,670 | INFO | jarvis | Listening for command.
2026-09-12 15:29:16,636 | INFO | jarvis | No command recognized.
2026-09-12 15:29:17,137 | INFO | jarvis | Waiting for wake word.
2026-09-12 15:29:41,827 | INFO | jarvis | Wake word detected.
2026-09-12 15:29:42,439 | INFO | jarvis | Listening for command.
2026-09-12 15:29:46,855 | INFO | jarvis | Command recognized: 'search [unk]'
2026-09-12 15:29:46,856 | INFO | jarvis | Command routing result: success=False | command='search [unk]'
2026-09-12 15:29:47,457 | INFO | jarvis | Waiting for wake word.
2026-09-12 15:29:49,425 | INFO | jarvis | Wake word detected.
2026-09-12 15:29:50,044 | INFO | jarvis | Listening for command.
2026-09-12 15:29:54,349 | INFO | jarvis | Command recognized: 'search [unk]'
2026-09-12 15:29:54,351 | INFO | jarvis | Command routing result: success=False | command='search [unk]'
2026-09-12 15:29:54,951 | INFO | jarvis | Waiting for wake word.
2026-09-12 15:42:53,855 | INFO | jarvis | Jarvis starting.
2026-09-12 15:42:53,855 | INFO | jarvis | Project directory: C:\Users\naren\Downloads\jarvis_windows_no_picovoice\jarvis
2026-09-12 15:42:53,947 | INFO | comtypes.client._code_cache | Could not import comtypes.gen, trying to create it.
2026-09-12 15:42:53,948 | INFO | comtypes.client._code_cache | Created comtypes.gen directory: 'C:\Users\naren\AppData\Local\Programs\Python\Python312\Lib\site-packages\comtypes\gen'
2026-09-12 15:42:53,948 | INFO | comtypes.client._code_cache | Writing __init__.py file: 'C:\Users\naren\AppData\Local\Programs\Python\Python312\Lib\site-packages\comtypes\gen\__init__.py'
2026-09-12 15:42:53,953 | INFO | comtypes.client._code_cache | Using writeable comtypes cache directory: 'C:\Users\naren\AppData\Local\Programs\Python\Python312\Lib\site-packages\comtypes\gen'
2026-09-12 15:42:53,977 | INFO | comtypes.client._generate | Could not import comtypes.gen._C866CA3A_32F7_11D2_9602_00C04F8EE628_0_5_4: No module named 'comtypes.gen._C866CA3A_32F7_11D2_9602_00C04F8EE628_0_5_4'
2026-09-12 15:42:53,981 | INFO | comtypes.client._generate | # Generating comtypes.gen._C866CA3A_32F7_11D2_9602_00C04F8EE628_0_5_4
2026-09-12 15:42:54,084 | INFO | comtypes.client._generate | # Generating comtypes.gen.SpeechLib
2026-09-12 15:42:54,095 | INFO | comtypes.client._generate | Could not import comtypes.gen._00020430_0000_0000_C000_000000000046_0_2_0: No module named 'comtypes.gen._00020430_0000_0000_C000_000000000046_0_2_0'
2026-09-12 15:42:54,096 | INFO | comtypes.client._generate | # Generating comtypes.gen._00020430_0000_0000_C000_000000000046_0_2_0
2026-09-12 15:42:54,104 | INFO | comtypes.client._generate | # Generating comtypes.gen.stdole
2026-09-12 15:42:59,200 | INFO | jarvis | Text-to-speech initialized.
2026-09-12 15:42:59,200 | INFO | jarvis | Loading Vosk model.
2026-09-12 15:42:59,201 | INFO | stt | Loading Vosk model: C:\Users\naren\Downloads\jarvis_windows_no_picovoice\vosk-model-small-en-us-0.15
2026-09-12 15:42:59,852 | INFO | stt | Vosk model loaded
2026-09-12 15:42:59,852 | INFO | jarvis | Loading wake-word model.
2026-09-12 15:43:00,021 | INFO | jarvis | JARVIS: JARVIS is online.
2026-09-12 15:43:02,310 | INFO | jarvis | Waiting for wake word.
2026-09-12 15:43:09,676 | INFO | jarvis | Wake word detected.
2026-09-12 15:43:10,293 | INFO | jarvis | Listening for command.
2026-09-12 15:43:12,598 | INFO | jarvis | Command recognized: 'open chrome'
2026-09-12 15:43:15,353 | INFO | jarvis | Command routing result: success=True | command='open chrome'
2026-09-12 15:43:15,354 | INFO | jarvis | JARVIS: Opening chrome.
2026-09-12 15:43:16,189 | INFO | jarvis | Waiting for wake word.
2026-09-12 15:43:18,177 | INFO | jarvis | Wake word detected.
2026-09-12 15:43:18,804 | INFO | jarvis | Listening for command.
2026-09-12 15:43:21,766 | INFO | jarvis | Command recognized: 'open vs code'
2026-09-12 15:43:24,219 | INFO | jarvis | Command routing result: success=True | command='open vs code'
2026-09-12 15:43:24,219 | INFO | jarvis | JARVIS: Opening vs code.
2026-09-12 15:43:25,055 | INFO | jarvis | Waiting for wake word.
2026-09-12 15:43:35,556 | INFO | jarvis | Wake word detected.
2026-09-12 15:43:36,169 | INFO | jarvis | Listening for command.
2026-09-12 15:43:39,006 | INFO | jarvis | Command recognized: 'close vs code'
2026-09-12 15:43:42,893 | INFO | jarvis | Command routing result: success=True | command='close vs code'
2026-09-12 15:43:42,894 | INFO | jarvis | JARVIS: Closing vs code.
2026-09-12 15:43:43,704 | INFO | jarvis | Waiting for wake word.
2026-09-12 15:43:45,690 | INFO | jarvis | Wake word detected.
2026-09-12 15:43:46,304 | INFO | jarvis | Listening for command.
2026-09-12 15:43:49,147 | INFO | jarvis | Command recognized: 'close chrome'
2026-09-12 15:43:49,200 | INFO | jarvis | Command routing result: success=True | command='close chrome'
2026-09-12 15:43:49,200 | INFO | jarvis | JARVIS: Closing chrome.
2026-09-12 15:43:50,021 | INFO | jarvis | Waiting for wake word.
2026-09-12 15:44:13,205 | INFO | jarvis | Wake word detected.
2026-09-12 15:44:13,825 | INFO | jarvis | Listening for command.
2026-09-12 15:44:15,859 | INFO | jarvis | Command recognized: '[unk]'
2026-09-12 15:44:15,859 | INFO | jarvis | Command routing result: success=False | command='[unk]'
2026-09-12 15:44:15,859 | INFO | jarvis | JARVIS: I couldn't complete that command.
2026-09-12 15:44:16,681 | INFO | jarvis | Waiting for wake word.
2026-09-12 15:44:23,621 | INFO | jarvis | Wake word detected.
2026-09-12 15:44:24,235 | INFO | jarvis | Listening for command.
2026-09-12 15:44:26,290 | INFO | jarvis | No command recognized.
2026-09-12 15:44:26,290 | INFO | jarvis | JARVIS: I didn't catch that.
2026-09-12 15:44:27,018 | INFO | jarvis | Waiting for wake word.
2026-09-12 15:44:35,317 | INFO | jarvis | Wake word detected.
2026-09-12 15:44:35,932 | INFO | jarvis | Listening for command.
2026-09-12 15:44:38,479 | INFO | jarvis | Command recognized: 'open [unk]'
2026-09-12 15:44:38,479 | INFO | jarvis | Command routing result: success=False | command='open [unk]'
2026-09-12 15:44:38,480 | INFO | jarvis | JARVIS: I couldn't complete that command.
2026-09-12 15:44:39,297 | INFO | jarvis | Waiting for wake word.
2026-09-12 16:02:00,007 | INFO | jarvis | Jarvis starting.
2026-09-12 16:02:00,008 | INFO | jarvis | Project directory: C:\Users\naren\Downloads\jarvis_windows_no_picovoice\jarvis
2026-09-12 16:02:00,112 | INFO | comtypes.client._code_cache | Imported existing <module 'comtypes.gen' from 'C:\\Users\\naren\\AppData\\Local\\Programs\\Python\\Python312\\Lib\\site-packages\\comtypes\\gen\\__init__.py'>
2026-09-12 16:02:00,113 | INFO | comtypes.client._code_cache | Using writeable comtypes cache directory: 'C:\Users\naren\AppData\Local\Programs\Python\Python312\Lib\site-packages\comtypes\gen'
2026-09-12 16:02:00,316 | INFO | jarvis | Text-to-speech initialized.
2026-09-12 16:02:00,316 | INFO | jarvis | Loading Vosk model.
2026-09-12 16:02:00,317 | INFO | stt | Loading Vosk model: C:\Users\naren\Downloads\jarvis_windows_no_picovoice\vosk-model-small-en-us-0.15
2026-09-12 16:02:01,044 | INFO | stt | Vosk model loaded
2026-09-12 16:02:01,044 | INFO | jarvis | Loading wake-word model.
2026-09-12 16:02:01,207 | INFO | jarvis | JARVIS: JARVIS is online.
2026-09-12 16:02:03,196 | INFO | jarvis | Waiting for wake word.
2026-09-12 16:02:09,152 | INFO | jarvis | Wake word detected.
2026-09-12 16:02:09,776 | INFO | jarvis | Active command session started for 15 seconds.
2026-09-12 16:02:09,776 | INFO | jarvis | Listening for command. Remaining session time: 15.0 seconds
2026-09-12 16:02:12,119 | INFO | jarvis | Command recognized: 'open arduino'
2026-09-12 16:02:17,478 | INFO | jarvis | Command routing result: success=True | command='open arduino'
2026-09-12 16:02:17,729 | INFO | jarvis | Listening for command. Remaining session time: 14.8 seconds
2026-09-12 16:02:19,470 | INFO | jarvis | Listening for command. Remaining session time: 13.0 seconds
2026-09-12 16:02:22,711 | INFO | jarvis | Listening for command. Remaining session time: 9.8 seconds
2026-09-12 16:02:25,446 | INFO | jarvis | Listening for command. Remaining session time: 7.0 seconds
2026-09-12 16:02:27,729 | INFO | jarvis | Listening for command. Remaining session time: 4.8 seconds
2026-09-12 16:02:30,010 | INFO | jarvis | Listening for command. Remaining session time: 2.5 seconds
2026-09-12 16:02:31,641 | INFO | jarvis | Listening for command. Remaining session time: 0.8 seconds
2026-09-12 16:02:32,758 | INFO | jarvis | Active command session ended.
2026-09-12 16:02:33,260 | INFO | jarvis | Waiting for wake word.
2026-09-12 16:02:35,260 | INFO | jarvis | Wake word detected.
2026-09-12 16:02:35,877 | INFO | jarvis | Active command session started for 15 seconds.
2026-09-12 16:02:35,877 | INFO | jarvis | Listening for command. Remaining session time: 15.0 seconds
2026-09-12 16:02:39,192 | INFO | jarvis | Command recognized: 'close arduino'
2026-09-12 16:02:49,889 | INFO | jarvis | Command routing result: success=True | command='close arduino'
2026-09-12 16:02:50,139 | INFO | jarvis | Listening for command. Remaining session time: 14.8 seconds
2026-09-12 16:02:52,287 | INFO | jarvis | Listening for command. Remaining session time: 12.6 seconds
2026-09-12 16:02:54,936 | INFO | jarvis | Listening for command. Remaining session time: 10.0 seconds
2026-09-12 16:03:00,199 | INFO | jarvis | Command recognized: 'open ki cad'
2026-09-12 16:03:02,912 | INFO | jarvis | Command routing result: success=True | command='open ki cad'
2026-09-12 16:03:03,164 | INFO | jarvis | Listening for command. Remaining session time: 14.8 seconds
2026-09-12 16:03:05,449 | INFO | jarvis | Listening for command. Remaining session time: 12.5 seconds
2026-09-12 16:03:07,862 | INFO | jarvis | Listening for command. Remaining session time: 10.0 seconds
2026-09-12 16:03:09,731 | INFO | jarvis | Command recognized: 'cad'
2026-09-12 16:03:12,620 | INFO | jarvis | Command routing result: success=True | command='cad'
2026-09-12 16:03:12,871 | INFO | jarvis | Listening for command. Remaining session time: 14.8 seconds
2026-09-12 16:03:14,415 | INFO | jarvis | Listening for command. Remaining session time: 13.2 seconds
2026-09-12 16:03:16,723 | INFO | jarvis | Listening for command. Remaining session time: 10.9 seconds
2026-09-12 16:03:18,995 | INFO | jarvis | Listening for command. Remaining session time: 8.6 seconds
2026-09-12 16:03:21,265 | INFO | jarvis | Listening for command. Remaining session time: 6.4 seconds
2026-09-12 16:03:23,359 | INFO | jarvis | Listening for command. Remaining session time: 4.3 seconds
2026-09-12 16:03:25,635 | INFO | jarvis | Listening for command. Remaining session time: 2.0 seconds
2026-09-12 16:03:27,934 | INFO | jarvis | Active command session ended.
2026-09-12 16:03:28,453 | INFO | jarvis | Waiting for wake word.
2026-09-12 16:03:42,644 | INFO | jarvis | Wake word detected.
2026-09-12 16:03:43,256 | INFO | jarvis | Active command session started for 15 seconds.
2026-09-12 16:03:43,256 | INFO | jarvis | Listening for command. Remaining session time: 15.0 seconds
2026-09-12 16:03:46,173 | INFO | jarvis | Command recognized: 'close ki cad'
2026-09-12 16:04:07,427 | INFO | jarvis | Command routing result: success=True | command='close ki cad'
2026-09-12 16:04:07,678 | INFO | jarvis | Listening for command. Remaining session time: 14.8 seconds
2026-09-12 16:04:11,116 | INFO | jarvis | Listening for command. Remaining session time: 11.3 seconds
2026-09-12 16:04:13,403 | INFO | jarvis | Listening for command. Remaining session time: 9.0 seconds
2026-09-12 16:04:16,642 | INFO | jarvis | Command recognized: 'open calculator'
2026-09-12 16:04:18,583 | INFO | jarvis | Command routing result: success=True | command='open calculator'
2026-09-12 16:04:18,835 | INFO | jarvis | Listening for command. Remaining session time: 14.8 seconds
2026-09-12 16:04:22,072 | INFO | jarvis | Command recognized: 'close calculator'
2026-09-12 16:04:23,864 | INFO | jarvis | Command routing result: success=True | command='close calculator'
2026-09-12 16:04:24,115 | INFO | jarvis | Listening for command. Remaining session time: 14.7 seconds
2026-09-12 16:04:26,334 | INFO | jarvis | Listening for command. Remaining session time: 12.5 seconds
2026-09-12 16:04:28,689 | INFO | jarvis | Listening for command. Remaining session time: 10.2 seconds
2026-09-12 16:04:30,623 | INFO | jarvis | Listening for command. Remaining session time: 8.2 seconds
2026-09-12 16:04:34,749 | INFO | jarvis | Command recognized: 'open vs code'
2026-09-12 16:04:37,889 | INFO | jarvis | Command routing result: success=True | command='open vs code'
2026-09-12 16:04:38,140 | INFO | jarvis | Listening for command. Remaining session time: 14.8 seconds
2026-09-12 16:04:40,506 | INFO | jarvis | Listening for command. Remaining session time: 12.4 seconds
2026-09-12 16:04:42,729 | INFO | jarvis | Listening for command. Remaining session time: 10.2 seconds
2026-09-12 16:04:44,972 | INFO | jarvis | Listening for command. Remaining session time: 7.9 seconds
2026-09-12 16:04:47,213 | INFO | jarvis | Listening for command. Remaining session time: 5.7 seconds
2026-09-12 16:04:49,487 | INFO | jarvis | Listening for command. Remaining session time: 3.4 seconds
2026-09-12 16:04:51,045 | INFO | jarvis | Listening for command. Remaining session time: 1.8 seconds
2026-09-12 16:04:53,162 | INFO | jarvis | Active command session ended.
2026-09-12 16:04:53,664 | INFO | jarvis | Waiting for wake word.
2026-09-12 16:05:05,225 | INFO | jarvis | Wake word detected.
2026-09-12 16:05:05,837 | INFO | jarvis | Active command session started for 15 seconds.
2026-09-12 16:05:05,837 | INFO | jarvis | Listening for command. Remaining session time: 15.0 seconds
2026-09-12 16:05:11,200 | INFO | jarvis | Command recognized: 'close vs code'
2026-09-12 16:05:13,561 | INFO | jarvis | Command routing result: success=True | command='close vs code'
2026-09-12 16:05:13,812 | INFO | jarvis | Listening for command. Remaining session time: 14.8 seconds
2026-09-12 16:05:15,725 | INFO | jarvis | Listening for command. Remaining session time: 12.8 seconds
2026-09-12 16:05:18,475 | INFO | jarvis | Listening for command. Remaining session time: 10.1 seconds
2026-09-12 16:05:21,378 | INFO | jarvis | Listening for command. Remaining session time: 7.2 seconds
2026-09-12 16:05:23,682 | INFO | jarvis | Listening for command. Remaining session time: 4.9 seconds
2026-09-12 16:06:23,807 | INFO | jarvis | Jarvis starting.
2026-09-12 16:06:23,808 | INFO | jarvis | Project directory: C:\Users\naren\Downloads\jarvis_windows_no_picovoice\jarvis
2026-09-12 16:06:23,924 | INFO | comtypes.client._code_cache | Imported existing <module 'comtypes.gen' from 'C:\\Users\\naren\\AppData\\Local\\Programs\\Python\\Python312\\Lib\\site-packages\\comtypes\\gen\\__init__.py'>
2026-09-12 16:06:23,925 | INFO | comtypes.client._code_cache | Using writeable comtypes cache directory: 'C:\Users\naren\AppData\Local\Programs\Python\Python312\Lib\site-packages\comtypes\gen'
2026-09-12 16:06:24,134 | INFO | jarvis | Text-to-speech initialized.
2026-09-12 16:06:24,134 | INFO | jarvis | Loading Vosk model.
2026-09-12 16:06:24,134 | INFO | stt | Loading Vosk model: C:\Users\naren\Downloads\jarvis_windows_no_picovoice\vosk-model-small-en-us-0.15
2026-09-12 16:06:24,873 | INFO | stt | Vosk model loaded
2026-09-12 16:06:24,873 | INFO | jarvis | Loading wake-word model.
2026-09-12 16:06:25,033 | INFO | jarvis | JARVIS: JARVIS is online.
2026-09-12 16:06:27,018 | INFO | jarvis | Waiting for wake word.
2026-09-12 16:06:42,087 | INFO | jarvis | Wake word detected.
2026-09-12 16:06:42,712 | INFO | jarvis | Active command session started for 15 seconds.
2026-09-12 16:06:42,712 | INFO | jarvis | Listening for command. Remaining session time: 15.0 seconds
2026-09-12 16:06:46,203 | INFO | jarvis | Command recognized: 'open instagram'
2026-09-12 16:06:46,543 | INFO | jarvis | Command routing result: success=True | command='open instagram'
2026-09-12 16:06:46,794 | INFO | jarvis | Listening for command. Remaining session time: 14.8 seconds
2026-09-12 16:06:48,708 | INFO | jarvis | Listening for command. Remaining session time: 12.8 seconds
2026-09-12 16:06:50,963 | INFO | jarvis | Listening for command. Remaining session time: 10.6 seconds
2026-09-12 16:06:52,781 | INFO | jarvis | Command recognized: 'instagram'
2026-09-12 16:06:52,999 | INFO | jarvis | Command routing result: success=True | command='instagram'
2026-09-12 16:06:53,250 | INFO | jarvis | Listening for command. Remaining session time: 14.8 seconds
2026-09-12 16:06:55,507 | INFO | jarvis | Listening for command. Remaining session time: 12.5 seconds
2026-09-12 16:06:57,768 | INFO | jarvis | Listening for command. Remaining session time: 10.2 seconds
2026-09-12 16:06:59,646 | INFO | jarvis | Listening for command. Remaining session time: 8.4 seconds
2026-09-12 16:07:03,663 | INFO | jarvis | Command recognized: 'close instagram'
2026-09-12 16:07:03,816 | INFO | jarvis | Command routing result: success=True | command='close instagram'
2026-09-12 16:07:04,067 | INFO | jarvis | Listening for command. Remaining session time: 14.8 seconds
2026-09-12 16:07:06,331 | INFO | jarvis | Listening for command. Remaining session time: 12.5 seconds
2026-09-12 16:07:11,504 | INFO | jarvis | Command recognized: 'open ki cad'
2026-09-12 16:07:16,475 | INFO | jarvis | Command routing result: success=True | command='open ki cad'
2026-09-12 16:07:16,725 | INFO | jarvis | Listening for command. Remaining session time: 14.8 seconds
2026-09-12 16:07:21,957 | INFO | jarvis | Listening for command. Remaining session time: 9.5 seconds
2026-09-12 16:07:23,940 | INFO | jarvis | Listening for command. Remaining session time: 7.5 seconds
2026-09-12 16:07:26,206 | INFO | jarvis | Listening for command. Remaining session time: 5.3 seconds
2026-09-12 16:07:28,746 | INFO | jarvis | Command recognized: 'close ki cad'
2026-09-12 16:07:38,405 | INFO | jarvis | Command routing result: success=True | command='close ki cad'
2026-09-12 16:07:38,655 | INFO | jarvis | Listening for command. Remaining session time: 14.8 seconds
2026-09-12 16:18:56,581 | INFO | jarvis | Jarvis starting.
2026-09-12 16:18:56,582 | INFO | jarvis | Project directory: C:\Users\naren\Downloads\jarvis_windows_no_picovoice\jarvis
2026-09-12 16:18:56,688 | INFO | comtypes.client._code_cache | Imported existing <module 'comtypes.gen' from 'C:\\Users\\naren\\AppData\\Local\\Programs\\Python\\Python312\\Lib\\site-packages\\comtypes\\gen\\__init__.py'>
2026-09-12 16:18:56,688 | INFO | comtypes.client._code_cache | Using writeable comtypes cache directory: 'C:\Users\naren\AppData\Local\Programs\Python\Python312\Lib\site-packages\comtypes\gen'
2026-09-12 16:18:56,874 | INFO | jarvis | Text-to-speech initialized.
2026-09-12 16:18:56,874 | INFO | jarvis | Loading Vosk model.
2026-09-12 16:18:56,874 | INFO | stt | Loading Vosk model: C:\Users\naren\Downloads\jarvis_windows_no_picovoice\vosk-model-small-en-us-0.15
2026-09-12 16:18:57,551 | INFO | stt | Vosk model loaded
2026-09-12 16:18:57,552 | INFO | jarvis | Loading wake-word model.
2026-09-12 16:18:57,695 | INFO | jarvis | JARVIS: JARVIS is online.
2026-09-12 16:18:59,757 | INFO | jarvis | Waiting for wake word.
2026-09-12 16:19:07,274 | INFO | jarvis | Wake word detected.
2026-09-12 16:19:12,282 | INFO | jarvis | Active command session started for 15 seconds.
2026-09-12 16:19:12,283 | INFO | jarvis | Listening for command. Remaining session time: 15.0 seconds
2026-09-12 16:19:14,731 | INFO | jarvis | Listening for command. Remaining session time: 12.6 seconds
2026-09-12 16:19:16,514 | INFO | jarvis | Listening for command. Remaining session time: 10.8 seconds
2026-09-12 16:19:18,244 | INFO | jarvis | Listening for command. Remaining session time: 9.0 seconds
2026-09-12 16:19:19,797 | INFO | jarvis | Listening for command. Remaining session time: 7.5 seconds
2026-09-12 16:19:21,435 | INFO | jarvis | Listening for command. Remaining session time: 5.9 seconds
2026-09-12 16:19:25,865 | INFO | jarvis | Command recognized: 'open instagram'
2026-09-12 16:19:29,038 | INFO | jarvis | Command routing result: success=True | command='open instagram'
2026-09-12 16:19:29,289 | INFO | jarvis | Listening for command. Remaining session time: 14.8 seconds
2026-09-12 16:19:32,062 | INFO | jarvis | Command recognized: 'close instagram'
2026-09-12 16:19:34,985 | INFO | jarvis | Command routing result: success=True | command='close instagram'
2026-09-12 16:19:35,236 | INFO | jarvis | Listening for command. Remaining session time: 14.8 seconds
2026-09-12 16:19:37,482 | INFO | jarvis | Command recognized: 'open chrome'
2026-09-12 16:19:43,055 | INFO | jarvis | Command routing result: success=True | command='open chrome'
2026-09-12 16:19:43,306 | INFO | jarvis | Listening for command. Remaining session time: 14.8 seconds
2026-09-12 16:19:45,589 | INFO | jarvis | Listening for command. Remaining session time: 12.5 seconds
2026-09-12 16:19:50,869 | INFO | jarvis | Command recognized: 'close chrome'
2026-09-12 16:19:55,176 | INFO | jarvis | Command routing result: success=True | command='close chrome'
2026-09-12 16:19:55,427 | INFO | jarvis | Listening for command. Remaining session time: 14.8 seconds
2026-09-12 16:19:57,553 | INFO | jarvis | Listening for command. Remaining session time: 12.6 seconds
2026-09-12 16:19:59,226 | INFO | jarvis | Listening for command. Remaining session time: 11.0 seconds
2026-09-12 16:20:00,859 | INFO | jarvis | Listening for command. Remaining session time: 9.3 seconds
2026-09-12 16:22:34,338 | INFO | jarvis | Jarvis starting.
2026-09-12 16:22:34,339 | INFO | jarvis | Project directory: C:\Users\naren\Downloads\jarvis_windows_no_picovoice\jarvis
2026-09-12 16:22:34,437 | INFO | comtypes.client._code_cache | Imported existing <module 'comtypes.gen' from 'C:\\Users\\naren\\AppData\\Local\\Programs\\Python\\Python312\\Lib\\site-packages\\comtypes\\gen\\__init__.py'>
2026-09-12 16:22:34,437 | INFO | comtypes.client._code_cache | Using writeable comtypes cache directory: 'C:\Users\naren\AppData\Local\Programs\Python\Python312\Lib\site-packages\comtypes\gen'
2026-09-12 16:22:34,605 | INFO | jarvis | Text-to-speech initialized.
2026-09-12 16:22:34,605 | INFO | jarvis | Loading Vosk model.
2026-09-12 16:22:34,605 | INFO | stt | Loading Vosk model: C:\Users\naren\Downloads\jarvis_windows_no_picovoice\vosk-model-small-en-us-0.15
2026-09-12 16:22:35,308 | INFO | stt | Vosk model loaded
2026-09-12 16:22:35,309 | INFO | jarvis | Loading wake-word model.
2026-09-12 16:22:35,473 | INFO | jarvis | JARVIS: JARVIS is online.
2026-09-12 16:22:37,467 | INFO | jarvis | Waiting for wake word.
2026-09-12 16:22:49,067 | INFO | jarvis | Wake word detected.
2026-09-12 16:22:53,922 | INFO | jarvis | Active command session started for 15 seconds.
2026-09-12 16:22:53,923 | INFO | jarvis | Listening for command. Remaining session time: 15.0 seconds
2026-09-12 16:22:56,124 | INFO | jarvis | Listening for command. Remaining session time: 12.8 seconds
2026-09-12 16:23:00,162 | INFO | jarvis | Command recognized: 'calculator'
2026-09-12 16:23:04,878 | INFO | jarvis | Command routing result: success=True | command='calculator'
2026-09-12 16:23:05,130 | INFO | jarvis | Listening for command. Remaining session time: 14.8 seconds
2026-09-12 16:23:08,051 | INFO | jarvis | Command recognized: 'close calculator'
2026-09-12 16:23:12,720 | INFO | jarvis | Command routing result: success=True | command='close calculator'
2026-09-12 16:23:12,971 | INFO | jarvis | Listening for command. Remaining session time: 14.8 seconds
2026-09-12 16:23:17,464 | INFO | jarvis | Command recognized: 'google search [unk]'
2026-09-12 16:23:19,595 | INFO | jarvis | Command routing result: success=True | command='google search [unk]'
2026-09-12 16:23:19,845 | INFO | jarvis | Listening for command. Remaining session time: 14.7 seconds
2026-09-12 16:23:21,466 | INFO | jarvis | Listening for command. Remaining session time: 13.1 seconds
2026-09-12 16:23:23,011 | INFO | jarvis | Listening for command. Remaining session time: 11.6 seconds
2026-09-12 16:23:27,345 | INFO | jarvis | Command recognized: 'google search for [unk]'
2026-09-12 16:23:29,470 | INFO | jarvis | Command routing result: success=True | command='google search for [unk]'
2026-09-12 16:23:29,721 | INFO | jarvis | Listening for command. Remaining session time: 14.8 seconds
2026-09-12 16:23:32,010 | INFO | jarvis | Listening for command. Remaining session time: 12.5 seconds
2026-09-12 16:23:36,003 | INFO | jarvis | Command recognized: 'open microsoft exit'
2026-09-12 16:23:40,456 | INFO | jarvis | Command routing result: success=False | command='open microsoft exit'
2026-09-12 16:23:40,707 | INFO | jarvis | Listening for command. Remaining session time: 14.8 seconds
2026-09-12 16:23:43,073 | INFO | jarvis | Listening for command. Remaining session time: 12.4 seconds
2026-09-12 16:23:45,020 | INFO | jarvis | Listening for command. Remaining session time: 10.4 seconds
2026-09-12 16:23:48,024 | INFO | jarvis | Listening for command. Remaining session time: 7.4 seconds
2026-09-12 16:23:50,315 | INFO | jarvis | Listening for command. Remaining session time: 5.1 seconds
2026-09-12 16:23:52,172 | INFO | jarvis | Listening for command. Remaining session time: 3.3 seconds
2026-09-12 16:23:54,462 | INFO | jarvis | Listening for command. Remaining session time: 1.0 seconds
2026-09-12 16:23:55,750 | INFO | jarvis | Active command session ended.
2026-09-12 16:23:56,251 | INFO | jarvis | Waiting for wake word.
2026-09-12 16:23:58,281 | INFO | jarvis | Wake word detected.
2026-09-12 16:24:03,123 | INFO | jarvis | Active command session started for 15 seconds.
2026-09-12 16:24:03,124 | INFO | jarvis | Listening for command. Remaining session time: 15.0 seconds
2026-09-12 16:24:04,850 | INFO | jarvis | Listening for command. Remaining session time: 13.3 seconds
2026-09-12 16:24:06,447 | INFO | jarvis | Listening for command. Remaining session time: 11.7 seconds
2026-09-12 16:24:10,279 | INFO | jarvis | Command recognized: 'open vs code'
2026-09-12 16:24:16,912 | INFO | jarvis | Command routing result: success=True | command='open vs code'
2026-09-12 16:24:17,163 | INFO | jarvis | Listening for command. Remaining session time: 14.8 seconds
2026-09-12 16:24:22,452 | INFO | jarvis | Command recognized: 'close vs code'
2026-09-12 16:24:27,352 | INFO | jarvis | Command routing result: success=True | command='close vs code'
2026-09-12 16:24:27,604 | INFO | jarvis | Listening for command. Remaining session time: 14.8 seconds
2026-09-12 16:24:32,881 | INFO | jarvis | Command recognized: 'open file explorer'
2026-09-12 16:24:36,622 | INFO | jarvis | Command routing result: success=True | command='open file explorer'
2026-09-12 16:24:36,874 | INFO | jarvis | Listening for command. Remaining session time: 14.8 seconds
2026-09-12 16:24:40,009 | INFO | jarvis | Listening for command. Remaining session time: 11.6 seconds
2026-09-12 16:24:45,309 | INFO | jarvis | Command recognized: 'search [unk]'
2026-09-12 16:24:49,763 | INFO | jarvis | Command routing result: success=False | command='search [unk]'
2026-09-12 16:24:50,014 | INFO | jarvis | Listening for command. Remaining session time: 14.8 seconds
2026-09-12 16:26:17,933 | INFO | jarvis | Jarvis starting.
2026-09-12 16:26:17,934 | INFO | jarvis | Project directory: C:\Users\naren\Downloads\jarvis_windows_no_picovoice\jarvis
2026-09-12 16:26:18,029 | INFO | comtypes.client._code_cache | Imported existing <module 'comtypes.gen' from 'C:\\Users\\naren\\AppData\\Local\\Programs\\Python\\Python312\\Lib\\site-packages\\comtypes\\gen\\__init__.py'>
2026-09-12 16:26:18,029 | INFO | comtypes.client._code_cache | Using writeable comtypes cache directory: 'C:\Users\naren\AppData\Local\Programs\Python\Python312\Lib\site-packages\comtypes\gen'
2026-09-12 16:26:18,230 | INFO | jarvis | Text-to-speech initialized.
2026-09-12 16:26:18,230 | INFO | jarvis | Loading Vosk model.
2026-09-12 16:26:18,230 | INFO | stt | Loading Vosk model: C:\Users\naren\Downloads\jarvis_windows_no_picovoice\vosk-model-small-en-us-0.15
2026-09-12 16:26:19,030 | INFO | stt | Vosk model loaded
2026-09-12 16:26:19,030 | INFO | jarvis | Loading wake-word model.
2026-09-12 16:26:19,227 | INFO | jarvis | JARVIS: JARVIS is online.
2026-09-12 16:26:21,268 | INFO | jarvis | Waiting for wake word.
2026-09-12 16:26:24,641 | INFO | jarvis | Wake word detected.
2026-09-12 16:26:29,502 | INFO | jarvis | Active command session started for 15 seconds.
2026-09-12 16:26:29,503 | INFO | jarvis | Listening for command. Remaining session time: 15.0 seconds
2026-09-12 16:26:31,271 | INFO | jarvis | Listening for command. Remaining session time: 13.2 seconds
2026-09-12 16:26:33,547 | INFO | jarvis | Listening for command. Remaining session time: 11.0 seconds
2026-09-12 16:26:35,846 | INFO | jarvis | Command recognized: 'open chrome'
2026-09-12 16:26:41,343 | INFO | jarvis | Command routing result: success=True | command='open chrome'
2026-09-12 16:26:41,594 | INFO | jarvis | Listening for command. Remaining session time: 14.8 seconds
2026-09-12 16:26:44,423 | INFO | jarvis | Command recognized: 'open calculator'
2026-09-12 16:26:48,831 | INFO | jarvis | Command routing result: success=True | command='open calculator'
2026-09-12 16:26:49,082 | INFO | jarvis | Listening for command. Remaining session time: 14.8 seconds
2026-09-12 16:26:51,385 | INFO | jarvis | Listening for command. Remaining session time: 12.4 seconds
2026-09-12 16:26:53,678 | INFO | jarvis | Listening for command. Remaining session time: 10.1 seconds
2026-09-12 16:26:57,813 | INFO | jarvis | Command recognized: 'close calculator'
2026-09-12 16:27:04,202 | INFO | jarvis | Command routing result: success=True | command='close calculator'
2026-09-12 16:27:04,453 | INFO | jarvis | Listening for command. Remaining session time: 14.8 seconds
2026-09-12 16:27:08,398 | INFO | jarvis | Command recognized: 'open file explorer'
2026-09-12 16:27:12,078 | INFO | jarvis | Command routing result: success=True | command='open file explorer'
2026-09-12 16:27:12,329 | INFO | jarvis | Listening for command. Remaining session time: 14.8 seconds
2026-09-12 16:27:14,729 | INFO | jarvis | Command recognized: 'close file explorer'
2026-09-12 16:27:17,996 | INFO | jarvis | Command routing result: success=True | command='close file explorer'
2026-09-12 16:27:18,248 | INFO | jarvis | Listening for command. Remaining session time: 14.8 seconds
2026-09-12 16:27:21,755 | INFO | jarvis | Command recognized: 'google search [unk]'
2026-09-12 16:27:23,911 | INFO | jarvis | Command routing result: success=True | command='google search [unk]'
2026-09-12 16:27:24,162 | INFO | jarvis | Listening for command. Remaining session time: 14.8 seconds
2026-09-12 16:27:25,942 | INFO | jarvis | Listening for command. Remaining session time: 13.0 seconds
2026-09-12 16:36:59,852 | INFO | jarvis | Jarvis starting.
2026-09-12 16:36:59,852 | INFO | jarvis | Project directory: C:\Users\naren\Downloads\jarvis_windows_no_picovoice\jarvis
2026-09-12 16:36:59,944 | INFO | comtypes.client._code_cache | Imported existing <module 'comtypes.gen' from 'C:\\Users\\naren\\AppData\\Local\\Programs\\Python\\Python312\\Lib\\site-packages\\comtypes\\gen\\__init__.py'>
2026-09-12 16:36:59,944 | INFO | comtypes.client._code_cache | Using writeable comtypes cache directory: 'C:\Users\naren\AppData\Local\Programs\Python\Python312\Lib\site-packages\comtypes\gen'
2026-09-12 16:37:00,115 | INFO | jarvis | Text-to-speech initialized.
2026-09-12 16:37:00,115 | INFO | jarvis | Loading Vosk model.
2026-09-12 16:37:00,115 | INFO | stt | Loading Vosk model: C:\Users\naren\Downloads\jarvis_windows_no_picovoice\vosk-model-small-en-us-0.15
2026-09-12 16:37:00,955 | INFO | stt | Vosk model loaded
2026-09-12 16:37:00,956 | INFO | jarvis | Loading wake-word model.
2026-09-12 16:37:01,118 | INFO | jarvis | JARVIS: JARVIS is online.
2026-09-12 16:37:03,154 | INFO | jarvis | Waiting for wake word.
2026-09-12 16:37:12,845 | INFO | jarvis | Wake word detected.
2026-09-12 16:37:17,729 | INFO | jarvis | Active command session started for 15 seconds.
2026-09-12 16:37:17,731 | INFO | jarvis | Listening for command. Remaining session time: 15.0 seconds
2026-09-12 16:37:22,824 | INFO | jarvis | Listening for command. Remaining session time: 9.9 seconds
2026-09-12 16:37:26,803 | INFO | jarvis | Command recognized: 'open chrome'
2026-09-12 16:37:32,317 | INFO | jarvis | Command routing result: success=True | command='open chrome'
2026-09-12 16:37:32,568 | INFO | jarvis | Listening for command. Remaining session time: 14.8 seconds
2026-09-12 16:37:36,937 | INFO | jarvis | Command recognized: 'close chrome'
2026-09-12 16:37:41,780 | INFO | jarvis | Command routing result: success=True | command='close chrome'
2026-09-12 16:37:42,031 | INFO | jarvis | Listening for command. Remaining session time: 14.8 seconds
2026-09-12 16:37:44,853 | INFO | jarvis | Command recognized: '[unk]'
2026-09-12 16:37:49,290 | INFO | jarvis | Command routing result: success=False | command='[unk]'
2026-09-12 16:37:49,542 | INFO | jarvis | Listening for command. Remaining session time: 14.8 seconds
2026-09-12 16:37:54,244 | INFO | jarvis | Command recognized: 'close arduino'
2026-09-12 16:37:58,681 | INFO | jarvis | Command routing result: success=False | command='close arduino'
2026-09-12 16:37:58,932 | INFO | jarvis | Listening for command. Remaining session time: 14.8 seconds
2026-09-12 16:38:03,891 | INFO | jarvis | Command recognized: 'open instagram'
2026-09-12 16:38:06,998 | INFO | jarvis | Command routing result: success=True | command='open instagram'
2026-09-12 16:38:07,248 | INFO | jarvis | Listening for command. Remaining session time: 14.8 seconds
2026-09-12 16:38:12,557 | INFO | jarvis | Listening for command. Remaining session time: 9.4 seconds
2026-09-12 16:38:28,692 | INFO | jarvis | Jarvis starting.
2026-09-12 16:38:28,692 | INFO | jarvis | Project directory: C:\Users\naren\Downloads\jarvis_windows_no_picovoice\jarvis
2026-09-12 16:38:28,857 | INFO | comtypes.client._code_cache | Imported existing <module 'comtypes.gen' from 'C:\\Users\\naren\\AppData\\Local\\Programs\\Python\\Python312\\Lib\\site-packages\\comtypes\\gen\\__init__.py'>
2026-09-12 16:38:28,858 | INFO | comtypes.client._code_cache | Using writeable comtypes cache directory: 'C:\Users\naren\AppData\Local\Programs\Python\Python312\Lib\site-packages\comtypes\gen'
2026-09-12 16:38:29,027 | INFO | jarvis | Text-to-speech initialized.
2026-09-12 16:38:29,027 | INFO | jarvis | Loading Vosk model.
2026-09-12 16:38:29,027 | INFO | stt | Loading Vosk model: C:\Users\naren\Downloads\jarvis_windows_no_picovoice\vosk-model-small-en-us-0.15
2026-09-12 16:38:29,876 | INFO | stt | Vosk model loaded
2026-09-12 16:38:29,876 | INFO | jarvis | Loading wake-word model.
2026-09-12 16:38:30,057 | INFO | jarvis | JARVIS: JARVIS is online.
2026-09-12 16:38:32,040 | INFO | jarvis | Waiting for wake word.
2026-09-12 16:39:00,551 | INFO | jarvis | Wake word detected.
2026-09-12 16:39:05,466 | INFO | jarvis | Active command session started for 15 seconds.
2026-09-12 16:39:05,466 | INFO | jarvis | Listening for command. Remaining session time: 15.0 seconds
2026-09-12 16:39:09,351 | INFO | jarvis | Command recognized: 'open instagram'
2026-09-12 16:39:12,391 | INFO | jarvis | Command routing result: success=True | command='open instagram'
2026-09-12 16:39:12,642 | INFO | jarvis | Listening for command. Remaining session time: 14.8 seconds
2026-09-12 16:39:17,462 | INFO | jarvis | Command recognized: 'google search for is ki'
2026-09-12 16:39:19,589 | INFO | jarvis | Command routing result: success=True | command='google search for is ki'
2026-09-12 16:39:19,840 | INFO | jarvis | Listening for command. Remaining session time: 14.8 seconds
2026-09-12 16:39:25,168 | INFO | jarvis | Command recognized: 'google search for [unk]'
2026-09-12 16:39:27,356 | INFO | jarvis | Command routing result: success=True | command='google search for [unk]'
2026-09-12 16:39:27,608 | INFO | jarvis | Listening for command. Remaining session time: 14.7 seconds
2026-09-12 16:39:29,641 | INFO | jarvis | Listening for command. Remaining session time: 12.7 seconds
2026-09-12 16:39:33,412 | INFO | jarvis | Listening for command. Remaining session time: 8.9 seconds
2026-09-12 16:39:36,578 | INFO | jarvis | Listening for command. Remaining session time: 5.8 seconds
2026-09-12 16:39:38,817 | INFO | jarvis | Command recognized: 'keil'
2026-09-12 16:39:45,169 | INFO | jarvis | Command routing result: success=True | command='keil'
2026-09-12 16:39:45,420 | INFO | jarvis | Listening for command. Remaining session time: 14.8 seconds
2026-09-12 16:39:50,697 | INFO | jarvis | Listening for command. Remaining session time: 9.5 seconds
2026-09-12 16:39:55,960 | INFO | jarvis | Listening for command. Remaining session time: 4.2 seconds
2026-09-12 16:40:00,449 | INFO | jarvis | Active command session ended.
2026-09-12 16:40:00,951 | INFO | jarvis | Waiting for wake word.
2026-09-12 16:40:21,300 | INFO | jarvis | Wake word detected.
2026-09-12 16:40:26,147 | INFO | jarvis | Active command session started for 15 seconds.
2026-09-12 16:40:26,148 | INFO | jarvis | Listening for command. Remaining session time: 15.0 seconds
2026-09-12 16:40:31,563 | INFO | jarvis | Listening for command. Remaining session time: 9.6 seconds
2026-09-12 16:40:36,849 | INFO | jarvis | Listening for command. Remaining session time: 4.3 seconds
2026-09-12 16:40:41,442 | INFO | jarvis | Command recognized: 'close keil'
2026-09-12 16:40:54,397 | INFO | jarvis | Command routing result: success=True | command='close keil'
2026-09-12 16:40:54,647 | INFO | jarvis | Listening for command. Remaining session time: 14.8 seconds
2026-09-12 16:42:14,569 | INFO | jarvis | Jarvis starting.
2026-09-12 16:42:14,569 | INFO | jarvis | Project directory: C:\Users\naren\Downloads\jarvis_windows_no_picovoice\jarvis
2026-09-12 16:42:14,664 | INFO | comtypes.client._code_cache | Imported existing <module 'comtypes.gen' from 'C:\\Users\\naren\\AppData\\Local\\Programs\\Python\\Python312\\Lib\\site-packages\\comtypes\\gen\\__init__.py'>
2026-09-12 16:42:14,664 | INFO | comtypes.client._code_cache | Using writeable comtypes cache directory: 'C:\Users\naren\AppData\Local\Programs\Python\Python312\Lib\site-packages\comtypes\gen'
2026-09-12 16:42:14,833 | INFO | jarvis | Text-to-speech initialized.
2026-09-12 16:42:14,833 | INFO | jarvis | Loading Vosk model.
2026-09-12 16:42:14,833 | INFO | stt | Loading Vosk model: C:\Users\naren\Downloads\jarvis_windows_no_picovoice\vosk-model-small-en-us-0.15
2026-09-12 16:42:15,501 | INFO | stt | Vosk model loaded
2026-09-12 16:42:15,501 | INFO | jarvis | Loading wake-word model.
2026-09-12 16:42:15,650 | INFO | jarvis | JARVIS: JARVIS is online.
2026-09-12 16:42:17,638 | INFO | jarvis | Waiting for wake word.
2026-09-12 16:42:27,941 | INFO | jarvis | Wake word detected.
2026-09-12 16:42:27,970 | INFO | jarvis.tts | TTS engine initialized.
2026-09-12 16:42:32,790 | INFO | jarvis | Active command session started for 15 seconds.
2026-09-12 16:42:32,791 | INFO | jarvis | Listening for command. Remaining session time: 15.0 seconds
2026-09-12 16:42:38,194 | INFO | jarvis | Command recognized: 'open file explorer'
2026-09-12 16:42:39,200 | INFO | jarvis | Command routing result: success=True | command='open file explorer'
2026-09-12 16:42:39,451 | INFO | jarvis | Listening for command. Remaining session time: 14.8 seconds
2026-09-12 16:42:44,856 | INFO | jarvis | Listening for command. Remaining session time: 9.3 seconds
2026-09-12 16:42:47,141 | INFO | jarvis | Command recognized: 'explorer'
2026-09-12 16:42:48,021 | INFO | jarvis | Command routing result: success=True | command='explorer'
2026-09-12 16:42:48,273 | INFO | jarvis | Listening for command. Remaining session time: 14.7 seconds
2026-09-12 16:42:53,150 | INFO | jarvis | Command recognized: 'close file explorer'
2026-09-12 16:42:53,763 | INFO | jarvis | Command routing result: success=True | command='close file explorer'
2026-09-12 16:42:54,014 | INFO | jarvis | Listening for command. Remaining session time: 14.8 seconds
2026-09-12 16:42:59,332 | INFO | jarvis | Listening for command. Remaining session time: 9.4 seconds
2026-09-12 16:43:04,621 | INFO | jarvis | Command recognized: 'open instagram'
2026-09-12 16:43:05,194 | INFO | jarvis | Command routing result: success=True | command='open instagram'
2026-09-12 16:43:05,445 | INFO | jarvis | Listening for command. Remaining session time: 14.8 seconds
2026-09-12 16:43:09,418 | INFO | jarvis | Listening for command. Remaining session time: 10.8 seconds
2026-09-12 16:51:54,353 | INFO | jarvis | Jarvis starting.
2026-09-12 16:51:54,354 | INFO | jarvis | Project directory: C:\Users\naren\Downloads\jarvis_windows_no_picovoice\jarvis
2026-09-12 16:51:54,441 | INFO | comtypes.client._code_cache | Imported existing <module 'comtypes.gen' from 'C:\\Users\\naren\\AppData\\Local\\Programs\\Python\\Python312\\Lib\\site-packages\\comtypes\\gen\\__init__.py'>
2026-09-12 16:51:54,441 | INFO | comtypes.client._code_cache | Using writeable comtypes cache directory: 'C:\Users\naren\AppData\Local\Programs\Python\Python312\Lib\site-packages\comtypes\gen'
2026-09-12 16:51:54,603 | INFO | jarvis | Text-to-speech initialized.
2026-09-12 16:51:54,604 | INFO | jarvis | Loading Vosk model.
2026-09-12 16:51:54,604 | INFO | stt | Loading Vosk model: C:\Users\naren\Downloads\jarvis_windows_no_picovoice\vosk-model-small-en-us-0.15
2026-09-12 16:51:55,307 | INFO | stt | Vosk model loaded
2026-09-12 16:51:55,307 | INFO | jarvis | Loading wake-word model.
2026-09-12 16:51:55,462 | INFO | jarvis | JARVIS: JARVIS is online.
2026-09-12 16:51:57,455 | INFO | jarvis | Waiting for wake word.
2026-09-12 16:52:10,850 | INFO | jarvis | Wake word detected.
2026-09-12 16:52:15,772 | INFO | jarvis | Active command session started for 15 seconds.
2026-09-12 16:52:15,773 | INFO | jarvis | Listening for command. Remaining session time: 15.0 seconds
2026-09-12 16:52:19,253 | INFO | jarvis | Command recognized: 'open chrome'
2026-09-12 16:52:19,554 | INFO | jarvis | Command routing result: success=True | command='open chrome'
2026-09-12 16:52:19,805 | INFO | jarvis | Listening for command. Remaining session time: 14.8 seconds
2026-09-12 16:52:24,814 | INFO | jarvis | Command recognized: 'close chrome'
2026-09-12 16:52:25,103 | INFO | jarvis | Command routing result: success=True | command='close chrome'
2026-09-12 16:52:25,354 | INFO | jarvis | Listening for command. Remaining session time: 14.8 seconds
2026-09-12 16:52:29,396 | INFO | jarvis | Listening for command. Remaining session time: 10.7 seconds
2026-09-12 17:04:26,989 | INFO | jarvis | Jarvis starting.
2026-09-12 17:04:26,989 | INFO | jarvis | Project directory: C:\Users\naren\Downloads\jarvis_windows_no_picovoice\jarvis
2026-09-12 17:04:26,989 | INFO | jarvis | Initializing text-to-speech.
2026-09-12 17:04:27,078 | INFO | comtypes.client._code_cache | Imported existing <module 'comtypes.gen' from 'C:\\Users\\naren\\AppData\\Local\\Programs\\Python\\Python312\\Lib\\site-packages\\comtypes\\gen\\__init__.py'>
2026-09-12 17:04:27,078 | INFO | comtypes.client._code_cache | Using writeable comtypes cache directory: 'C:\Users\naren\AppData\Local\Programs\Python\Python312\Lib\site-packages\comtypes\gen'
2026-09-12 17:04:27,249 | INFO | jarvis.tts | Selected TTS voice: Microsoft David Desktop - English (United States)
2026-09-12 17:04:27,249 | INFO | jarvis | Loading Vosk model.
2026-09-12 17:04:27,249 | INFO | stt | Loading Vosk model: C:\Users\naren\Downloads\jarvis_windows_no_picovoice\vosk-model-small-en-us-0.15
2026-09-12 17:04:27,941 | INFO | stt | Vosk model loaded
2026-09-12 17:04:27,941 | INFO | jarvis | Loading wake-word model.
2026-09-12 17:04:28,078 | INFO | jarvis | Jarvis ready. Waiting silently for wake word.
2026-09-12 17:04:28,079 | INFO | jarvis | Waiting for wake word.
2026-09-12 17:04:45,788 | INFO | jarvis | Wake word detected.
2026-09-12 17:04:45,789 | INFO | jarvis.tts | JARVIS: Good evening, sir. I'm at your service.
2026-09-12 17:04:50,256 | INFO | jarvis | Active command session started for 15 seconds.
2026-09-12 17:04:50,256 | INFO | jarvis | Listening for command. Remaining session time: 15.0 seconds
2026-09-12 17:04:54,609 | INFO | jarvis | Command recognized: 'open google chrome'
2026-09-12 17:04:54,631 | INFO | jarvis | Command routing result: success=True | command='open google chrome'
2026-09-12 17:04:54,632 | INFO | jarvis.tts | JARVIS: Consider it handled, sir. Opening Chrome.
2026-09-12 17:04:55,032 | INFO | jarvis | Listening for command. Remaining session time: 14.9 seconds
2026-09-12 17:05:00,447 | INFO | jarvis | Command recognized: 'close chrome'
2026-09-12 17:05:00,500 | INFO | jarvis | Command routing result: success=True | command='close chrome'
2026-09-12 17:05:00,504 | INFO | jarvis.tts | JARVIS: Done, sir. One less window to worry about.
2026-09-12 17:05:00,837 | INFO | jarvis | Listening for command. Remaining session time: 14.9 seconds
2026-09-12 17:05:05,287 | INFO | jarvis | Listening for command. Remaining session time: 10.5 seconds
2026-09-12 17:05:09,203 | INFO | jarvis | Listening for command. Remaining session time: 6.5 seconds
2026-09-12 17:05:11,431 | INFO | jarvis | Command recognized: 'studio'
2026-09-12 17:05:11,432 | INFO | jarvis | Command routing result: success=False | command='studio'
2026-09-12 17:05:11,432 | INFO | jarvis.tts | JARVIS: That didn't go according to plan, sir.
2026-09-12 17:05:11,776 | INFO | jarvis | Listening for command. Remaining session time: 14.9 seconds
2026-09-12 17:05:13,864 | INFO | jarvis | Listening for command. Remaining session time: 12.8 seconds
2026-09-12 17:05:17,940 | INFO | jarvis | Command recognized: 'open instagram'
2026-09-12 17:05:17,961 | INFO | jarvis | Command routing result: success=True | command='open instagram'
2026-09-12 17:05:17,962 | INFO | jarvis.tts | JARVIS: Consider it handled, sir. Opening Instagram.
2026-09-12 17:05:18,386 | INFO | jarvis | Listening for command. Remaining session time: 14.9 seconds
2026-09-12 17:05:23,888 | INFO | jarvis | Command recognized: 'close instagram'
2026-09-12 17:05:23,989 | INFO | jarvis | Command routing result: success=True | command='close instagram'
2026-09-12 17:05:23,989 | INFO | jarvis.tts | JARVIS: Closed, sir. Nice and tidy.
2026-09-12 17:05:24,325 | INFO | jarvis | Listening for command. Remaining session time: 14.9 seconds
2026-09-12 17:11:18,468 | INFO | jarvis | Jarvis starting.
2026-09-12 17:11:18,468 | INFO | jarvis | Project directory: C:\Users\naren\Downloads\jarvis_windows_no_picovoice\jarvis
2026-09-12 17:11:18,469 | INFO | jarvis | Initializing text-to-speech.
2026-09-12 17:11:18,554 | INFO | comtypes.client._code_cache | Imported existing <module 'comtypes.gen' from 'C:\\Users\\naren\\AppData\\Local\\Programs\\Python\\Python312\\Lib\\site-packages\\comtypes\\gen\\__init__.py'>
2026-09-12 17:11:18,555 | INFO | comtypes.client._code_cache | Using writeable comtypes cache directory: 'C:\Users\naren\AppData\Local\Programs\Python\Python312\Lib\site-packages\comtypes\gen'
2026-09-12 17:11:18,720 | INFO | jarvis.tts | Selected TTS voice: Microsoft David Desktop - English (United States)
2026-09-12 17:11:18,721 | INFO | jarvis | Loading Vosk model.
2026-09-12 17:11:18,721 | INFO | jarvis.stt | Loading Vosk model: C:\Users\naren\Downloads\jarvis_windows_no_picovoice\vosk-model-small-en-us-0.15
2026-09-12 17:11:19,386 | INFO | jarvis.stt | Vosk model loaded
2026-09-12 17:11:19,386 | INFO | jarvis | Loading wake-word model.
2026-09-12 17:11:19,527 | INFO | jarvis | Jarvis ready. Waiting silently for wake word.
2026-09-12 17:11:19,527 | INFO | jarvis | Waiting for wake word.
2026-09-12 17:11:32,997 | INFO | jarvis | Wake word detected.
2026-09-12 17:11:32,998 | INFO | jarvis.tts | JARVIS: Good evening, sir.
2026-09-12 17:11:35,810 | INFO | jarvis | Active command session started for 15 seconds.
2026-09-12 17:11:35,811 | INFO | jarvis | Listening for command. Remaining session time: 15.0 seconds
2026-09-12 17:11:41,126 | INFO | jarvis | Command recognized: 'open calculator'
2026-09-12 17:11:41,153 | INFO | jarvis | Command routing result: success=True | command='open calculator'
2026-09-12 17:11:41,153 | INFO | jarvis.tts | JARVIS: Certainly, sir. Calculator is coming online.
2026-09-12 17:11:41,540 | INFO | jarvis | Listening for command. Remaining session time: 14.9 seconds
2026-09-12 17:11:46,804 | INFO | jarvis | Command recognized: 'close calculator'
2026-09-12 17:11:46,956 | INFO | jarvis | Command routing result: success=True | command='close calculator'
2026-09-12 17:11:46,957 | INFO | jarvis.tts | JARVIS: Consider it shut down, sir.
2026-09-12 17:11:47,266 | INFO | jarvis | Listening for command. Remaining session time: 14.9 seconds
2026-09-12 17:17:32,905 | INFO | jarvis | Jarvis starting.
2026-09-12 17:17:32,905 | INFO | jarvis | Project directory: C:\Users\naren\Downloads\jarvis_windows_no_picovoice\jarvis
2026-09-12 17:17:32,991 | INFO | comtypes.client._code_cache | Imported existing <module 'comtypes.gen' from 'C:\\Users\\naren\\AppData\\Local\\Programs\\Python\\Python312\\Lib\\site-packages\\comtypes\\gen\\__init__.py'>
2026-09-12 17:17:32,992 | INFO | comtypes.client._code_cache | Using writeable comtypes cache directory: 'C:\Users\naren\AppData\Local\Programs\Python\Python312\Lib\site-packages\comtypes\gen'
2026-09-12 17:17:33,159 | INFO | jarvis.tts | Selected TTS voice: Microsoft David Desktop - English (United States)
2026-09-12 17:17:33,159 | INFO | jarvis | TTS warmed up successfully.
2026-09-12 17:17:33,159 | INFO | jarvis | Loading Vosk model.
2026-09-12 17:17:33,160 | INFO | jarvis.stt | Loading Vosk model: C:\Users\naren\Downloads\jarvis_windows_no_picovoice\vosk-model-small-en-us-0.15
2026-09-12 17:17:33,849 | INFO | jarvis.stt | Vosk model loaded
2026-09-12 17:17:33,849 | INFO | jarvis | Vosk model loaded.
2026-09-12 17:17:33,849 | INFO | jarvis | Loading wake-word model.
2026-09-12 17:17:33,983 | INFO | jarvis | Wake-word model loaded.
2026-09-12 17:17:33,985 | INFO | jarvis | Jarvis ready. Waiting for wake word.
2026-09-12 17:17:33,985 | INFO | jarvis | Waiting for wake word.
2026-09-12 17:17:46,727 | INFO | jarvis | Wake word detected.
2026-09-12 17:17:46,911 | INFO | jarvis | Greeting: "Evening, sir. I'm listening."
2026-09-12 17:17:46,911 | INFO | jarvis.tts | JARVIS: Evening, sir. I'm listening.
2026-09-12 17:17:50,363 | INFO | jarvis | Active command session started for 15.0 seconds.
2026-09-12 17:17:50,364 | INFO | jarvis | Listening for command. Remaining: 15.0 seconds
2026-09-12 17:17:52,352 | INFO | jarvis | Listening for command. Remaining: 13.0 seconds
2026-09-12 17:17:54,438 | INFO | jarvis | Listening for command. Remaining: 10.9 seconds
2026-09-12 17:17:56,411 | INFO | jarvis | Listening for command. Remaining: 9.0 seconds
2026-09-12 17:18:00,094 | INFO | jarvis | Command recognized: 'open chrome'
2026-09-12 17:18:00,128 | INFO | jarvis | Launcher finished in 0.032 seconds. success=True
2026-09-12 17:18:00,128 | INFO | jarvis | JARVIS response: 'chrome is up and running, sir.'
2026-09-12 17:18:00,129 | INFO | jarvis.tts | JARVIS: chrome is up and running, sir.
2026-09-12 17:18:00,470 | INFO | jarvis | Listening for command. Remaining: 15.0 seconds
2026-09-12 17:18:05,873 | INFO | jarvis | Listening for command. Remaining: 9.5 seconds
2026-09-12 17:18:11,183 | INFO | jarvis | Listening for command. Remaining: 4.2 seconds
2026-09-12 17:18:15,741 | INFO | jarvis | Active command session ended.
2026-09-12 17:18:15,893 | INFO | jarvis | Waiting for wake word.
2026-09-12 17:18:29,109 | INFO | jarvis | Wake word detected.
2026-09-12 17:18:29,300 | INFO | jarvis | Greeting: 'Good evening, sir. What can I do for you?'
2026-09-12 17:18:29,300 | INFO | jarvis.tts | JARVIS: Good evening, sir. What can I do for you?
2026-09-12 17:18:29,482 | INFO | jarvis | Active command session started for 15.0 seconds.
2026-09-12 17:18:29,483 | INFO | jarvis | Listening for command. Remaining: 15.0 seconds
2026-09-12 17:18:34,875 | INFO | jarvis | Listening for command. Remaining: 9.6 seconds
2026-09-12 17:18:45,765 | INFO | jarvis | Jarvis starting.
2026-09-12 17:18:45,766 | INFO | jarvis | Project directory: C:\Users\naren\Downloads\jarvis_windows_no_picovoice\jarvis
2026-09-12 17:18:45,865 | INFO | comtypes.client._code_cache | Imported existing <module 'comtypes.gen' from 'C:\\Users\\naren\\AppData\\Local\\Programs\\Python\\Python312\\Lib\\site-packages\\comtypes\\gen\\__init__.py'>
2026-09-12 17:18:45,865 | INFO | comtypes.client._code_cache | Using writeable comtypes cache directory: 'C:\Users\naren\AppData\Local\Programs\Python\Python312\Lib\site-packages\comtypes\gen'
2026-09-12 17:18:46,057 | INFO | jarvis.tts | Selected TTS voice: Microsoft David Desktop - English (United States)
2026-09-12 17:18:46,058 | INFO | jarvis | TTS warmed up successfully.
2026-09-12 17:18:46,058 | INFO | jarvis | Loading Vosk model.
2026-09-12 17:18:46,058 | INFO | jarvis.stt | Loading Vosk model: C:\Users\naren\Downloads\jarvis_windows_no_picovoice\vosk-model-small-en-us-0.15
2026-09-12 17:18:46,750 | INFO | jarvis.stt | Vosk model loaded
2026-09-12 17:18:46,750 | INFO | jarvis | Vosk model loaded.
2026-09-12 17:18:46,750 | INFO | jarvis | Loading wake-word model.
2026-09-12 17:18:46,898 | INFO | jarvis | Wake-word model loaded.
2026-09-12 17:18:46,899 | INFO | jarvis | Jarvis ready. Waiting for wake word.
2026-09-12 17:18:46,900 | INFO | jarvis | Waiting for wake word.
2026-09-12 17:19:14,293 | INFO | jarvis | Wake word detected.
2026-09-12 17:19:14,476 | INFO | jarvis | Greeting: 'Good evening, sir. What can I do for you?'
2026-09-12 17:19:14,477 | INFO | jarvis.tts | JARVIS: Good evening, sir. What can I do for you?
2026-09-12 17:19:18,485 | INFO | jarvis | Active command session started for 15.0 seconds.
2026-09-12 17:19:18,486 | INFO | jarvis | Listening for command. Remaining: 15.0 seconds
2026-09-12 17:24:29,673 | INFO | jarvis | Jarvis starting.
2026-09-12 17:24:29,674 | INFO | jarvis | Project directory: C:\Users\naren\Downloads\jarvis_windows_no_picovoice\jarvis
2026-09-12 17:24:29,770 | INFO | comtypes.client._code_cache | Imported existing <module 'comtypes.gen' from 'C:\\Users\\naren\\AppData\\Local\\Programs\\Python\\Python312\\Lib\\site-packages\\comtypes\\gen\\__init__.py'>
2026-09-12 17:24:29,771 | INFO | comtypes.client._code_cache | Using writeable comtypes cache directory: 'C:\Users\naren\AppData\Local\Programs\Python\Python312\Lib\site-packages\comtypes\gen'
2026-09-12 17:24:29,936 | INFO | jarvis.tts | Selected TTS voice: Microsoft David Desktop - English (United States)
2026-09-12 17:24:29,936 | INFO | jarvis | TTS warmed up successfully.
2026-09-12 17:24:29,936 | INFO | jarvis | Loading Vosk model.
2026-09-12 17:24:29,936 | INFO | jarvis.stt | Loading Vosk model: C:\Users\naren\Downloads\jarvis_windows_no_picovoice\vosk-model-small-en-us-0.15
2026-09-12 17:24:30,587 | INFO | jarvis.stt | Vosk model loaded
2026-09-12 17:24:30,587 | INFO | jarvis | Vosk model loaded.
2026-09-12 17:24:30,587 | INFO | jarvis | Loading wake-word model.
2026-09-12 17:24:30,732 | INFO | jarvis | Wake-word model loaded.
2026-09-12 17:24:30,734 | INFO | jarvis | Jarvis ready. Waiting for wake word.
2026-09-12 17:24:30,734 | INFO | jarvis | Waiting for wake word.
2026-09-12 17:24:38,652 | INFO | jarvis | Wake word detected.
2026-09-12 17:24:38,828 | INFO | jarvis | Greeting: 'Good evening, sir. What can I do for you?'
2026-09-12 17:24:38,828 | INFO | jarvis.tts | JARVIS: Good evening, sir. What can I do for you?
2026-09-12 17:24:42,820 | INFO | jarvis | Active command session started for 15.0 seconds.
2026-09-12 17:24:42,821 | INFO | jarvis | Listening for command. Remaining: 15.0 seconds
2026-09-12 17:24:48,083 | INFO | jarvis | Command recognized: 'open chrome'
2026-09-12 17:24:48,103 | INFO | jarvis | Launcher finished in 0.016 seconds. success=True
2026-09-12 17:24:48,103 | ERROR | jarvis | Launcher failed for command 'open chrome'
Traceback (most recent call last):
  File "C:\Users\naren\Downloads\jarvis_windows_no_picovoice\jarvis\jarvis_main.py", line 868, in assistant_loop
    response = natural_response(
               ^^^^^^^^^^^^^^^^^
TypeError: natural_response() takes from 0 to 1 positional arguments but 2 were given
2026-09-12 17:24:48,105 | INFO | jarvis.tts | JARVIS: Sorry, sir. Something went wrong.
2026-09-12 17:24:48,399 | INFO | jarvis | Listening for command. Remaining: 15.0 seconds
2026-09-12 17:24:53,720 | INFO | jarvis | Command recognized: 'close chrome'
2026-09-12 17:24:53,771 | INFO | jarvis | Launcher finished in 0.047 seconds. success=True
2026-09-12 17:24:53,773 | ERROR | jarvis | Launcher failed for command 'close chrome'
Traceback (most recent call last):
  File "C:\Users\naren\Downloads\jarvis_windows_no_picovoice\jarvis\jarvis_main.py", line 868, in assistant_loop
    response = natural_response(
               ^^^^^^^^^^^^^^^^^
TypeError: natural_response() takes from 0 to 1 positional arguments but 2 were given
2026-09-12 17:24:53,773 | INFO | jarvis.tts | JARVIS: Sorry, sir. Something went wrong.
2026-09-12 17:24:54,037 | INFO | jarvis | Listening for command. Remaining: 15.0 seconds
2026-09-12 17:30:38,868 | INFO | jarvis | Jarvis starting.
2026-09-12 17:30:38,868 | INFO | jarvis | Project directory: C:\Users\naren\Downloads\jarvis_windows_no_picovoice\jarvis
2026-09-12 17:30:38,954 | INFO | comtypes.client._code_cache | Imported existing <module 'comtypes.gen' from 'C:\\Users\\naren\\AppData\\Local\\Programs\\Python\\Python312\\Lib\\site-packages\\comtypes\\gen\\__init__.py'>
2026-09-12 17:30:38,955 | INFO | comtypes.client._code_cache | Using writeable comtypes cache directory: 'C:\Users\naren\AppData\Local\Programs\Python\Python312\Lib\site-packages\comtypes\gen'
2026-09-12 17:30:39,122 | INFO | jarvis.tts | Selected TTS voice: Microsoft David Desktop - English (United States)
2026-09-12 17:30:39,122 | INFO | jarvis | TTS warmed up successfully.
2026-09-12 17:30:39,122 | INFO | jarvis | Loading Vosk model.
2026-09-12 17:30:39,122 | INFO | jarvis.stt | Loading Vosk model: C:\Users\naren\Downloads\jarvis_windows_no_picovoice\vosk-model-small-en-us-0.15
2026-09-12 17:30:39,778 | INFO | jarvis.stt | Vosk model loaded
2026-09-12 17:30:39,778 | INFO | jarvis | Vosk model loaded.
2026-09-12 17:30:39,778 | INFO | jarvis | Loading wake-word model.
2026-09-12 17:30:39,914 | INFO | jarvis | Wake-word model loaded.
2026-09-12 17:30:39,915 | INFO | jarvis | Jarvis ready. Waiting for wake word.
2026-09-12 17:30:39,916 | INFO | jarvis | Waiting for wake word.
2026-09-12 17:30:52,235 | INFO | jarvis | Wake word detected.
2026-09-12 17:30:52,235 | INFO | jarvis | Greeting: 'Good evening, sir.'
2026-09-12 17:30:52,236 | INFO | jarvis | Active command session started for 15.0 seconds.
2026-09-12 17:30:52,236 | INFO | jarvis | Listening for command. Remaining: 15.0 seconds
2026-09-12 17:30:57,477 | INFO | jarvis | Command recognized: 'open chrome'
2026-09-12 17:30:57,499 | INFO | jarvis | Launcher finished in 0.015 seconds. success=True
2026-09-12 17:30:57,499 | ERROR | jarvis | Launcher failed for command 'open chrome'
Traceback (most recent call last):
  File "C:\Users\naren\Downloads\jarvis_windows_no_picovoice\jarvis\jarvis_main.py", line 839, in assistant_loop
    response = natural_response(
               ^^^^^^^^^^^^^^^^^
TypeError: natural_response() takes from 0 to 1 positional arguments but 2 were given
2026-09-12 17:30:57,501 | INFO | jarvis.tts | JARVIS: Sorry, sir. Something went wrong.
2026-09-12 17:31:01,454 | INFO | jarvis | Listening for command. Remaining: 15.0 seconds
2026-09-12 17:31:06,749 | INFO | jarvis | Command recognized: 'close chrome'
2026-09-12 17:31:06,802 | INFO | jarvis | Launcher finished in 0.047 seconds. success=True
2026-09-12 17:31:06,802 | ERROR | jarvis | Launcher failed for command 'close chrome'
Traceback (most recent call last):
  File "C:\Users\naren\Downloads\jarvis_windows_no_picovoice\jarvis\jarvis_main.py", line 839, in assistant_loop
    response = natural_response(
               ^^^^^^^^^^^^^^^^^
TypeError: natural_response() takes from 0 to 1 positional arguments but 2 were given
2026-09-12 17:31:06,802 | INFO | jarvis.tts | JARVIS: Sorry, sir. Something went wrong.
2026-09-12 17:31:07,069 | INFO | jarvis | Listening for command. Remaining: 14.9 seconds
2026-09-12 17:31:12,391 | INFO | jarvis | Listening for command. Remaining: 9.6 seconds
2026-09-12 17:31:17,641 | INFO | jarvis | Listening for command. Remaining: 4.4 seconds
2026-09-12 17:31:22,287 | INFO | jarvis | Command recognized: 'open davinci resolve'
2026-09-12 17:31:28,407 | INFO | jarvis | Launcher finished in 6.125 seconds. success=True
2026-09-12 17:31:28,407 | ERROR | jarvis | Launcher failed for command 'open davinci resolve'
Traceback (most recent call last):
  File "C:\Users\naren\Downloads\jarvis_windows_no_picovoice\jarvis\jarvis_main.py", line 839, in assistant_loop
    response = natural_response(
               ^^^^^^^^^^^^^^^^^
TypeError: natural_response() takes from 0 to 1 positional arguments but 2 were given
2026-09-12 17:31:28,407 | INFO | jarvis.tts | JARVIS: Sorry, sir. Something went wrong.
2026-09-12 17:31:28,976 | INFO | jarvis | Listening for command. Remaining: 14.9 seconds
2026-09-12 17:31:34,372 | INFO | jarvis | Listening for command. Remaining: 9.5 seconds
2026-09-12 17:31:36,286 | INFO | jarvis | Listening for command. Remaining: 7.6 seconds
2026-09-12 17:31:41,574 | INFO | jarvis | Listening for command. Remaining: 2.3 seconds
2026-09-12 17:31:44,218 | INFO | jarvis | Active command session ended.
2026-09-12 17:31:44,369 | INFO | jarvis | Waiting for wake word.
2026-09-12 17:31:55,354 | INFO | jarvis | Wake word detected.
2026-09-12 17:31:55,354 | INFO | jarvis | Greeting: 'Evening, sir.'
2026-09-12 17:31:55,354 | INFO | jarvis | Active command session started for 15.0 seconds.
2026-09-12 17:31:55,355 | INFO | jarvis | Listening for command. Remaining: 15.0 seconds
2026-09-12 17:31:59,344 | INFO | jarvis | Listening for command. Remaining: 11.0 seconds
2026-09-12 17:32:04,601 | INFO | jarvis | Command recognized: 'open calculator'
2026-09-12 17:32:04,622 | INFO | jarvis | Launcher finished in 0.015 seconds. success=True
2026-09-12 17:32:04,623 | ERROR | jarvis | Launcher failed for command 'open calculator'
Traceback (most recent call last):
  File "C:\Users\naren\Downloads\jarvis_windows_no_picovoice\jarvis\jarvis_main.py", line 839, in assistant_loop
    response = natural_response(
               ^^^^^^^^^^^^^^^^^
TypeError: natural_response() takes from 0 to 1 positional arguments but 2 were given
2026-09-12 17:32:04,623 | INFO | jarvis.tts | JARVIS: Sorry, sir. Something went wrong.
2026-09-12 17:32:04,817 | INFO | jarvis | Listening for command. Remaining: 15.0 seconds
2026-09-12 17:32:09,889 | INFO | jarvis | Listening for command. Remaining: 9.9 seconds
2026-09-12 17:32:12,970 | INFO | jarvis | Listening for command. Remaining: 6.8 seconds
2026-09-12 17:32:15,694 | INFO | jarvis | Listening for command. Remaining: 4.1 seconds
2026-09-12 17:32:19,856 | INFO | jarvis | Command recognized: 'close resolve'
2026-09-12 17:32:21,311 | INFO | jarvis | Launcher finished in 1.453 seconds. success=False
2026-09-12 17:32:21,311 | ERROR | jarvis | Launcher failed for command 'close resolve'
Traceback (most recent call last):
  File "C:\Users\naren\Downloads\jarvis_windows_no_picovoice\jarvis\jarvis_main.py", line 839, in assistant_loop
    response = natural_response(
               ^^^^^^^^^^^^^^^^^
TypeError: natural_response() takes from 0 to 1 positional arguments but 2 were given
2026-09-12 17:32:21,311 | INFO | jarvis.tts | JARVIS: Sorry, sir. Something went wrong.
2026-09-12 17:32:21,578 | INFO | jarvis | Listening for command. Remaining: 15.0 seconds
2026-09-12 17:32:24,774 | INFO | jarvis | Listening for command. Remaining: 11.8 seconds
2026-09-12 17:32:27,829 | INFO | jarvis | Listening for command. Remaining: 8.7 seconds
2026-09-12 17:34:51,493 | INFO | jarvis | Jarvis starting.
2026-09-12 17:34:51,493 | INFO | jarvis | Project directory: C:\Users\naren\Downloads\jarvis_windows_no_picovoice\jarvis
2026-09-12 17:34:51,579 | INFO | comtypes.client._code_cache | Imported existing <module 'comtypes.gen' from 'C:\\Users\\naren\\AppData\\Local\\Programs\\Python\\Python312\\Lib\\site-packages\\comtypes\\gen\\__init__.py'>
2026-09-12 17:34:51,580 | INFO | comtypes.client._code_cache | Using writeable comtypes cache directory: 'C:\Users\naren\AppData\Local\Programs\Python\Python312\Lib\site-packages\comtypes\gen'
2026-09-12 17:34:51,745 | INFO | jarvis.tts | Selected TTS voice: Microsoft David Desktop - English (United States)
2026-09-12 17:34:51,745 | INFO | jarvis | TTS warmed up successfully.
2026-09-12 17:34:51,745 | INFO | jarvis | Loading Vosk model.
2026-09-12 17:34:51,745 | INFO | jarvis.stt | Loading Vosk model: C:\Users\naren\Downloads\jarvis_windows_no_picovoice\vosk-model-small-en-us-0.15
2026-09-12 17:34:52,393 | INFO | jarvis.stt | Vosk model loaded
2026-09-12 17:34:52,393 | INFO | jarvis | Vosk model loaded.
2026-09-12 17:34:52,394 | INFO | jarvis | Loading wake-word model.
2026-09-12 17:34:52,537 | INFO | jarvis | Wake-word model loaded.
2026-09-12 17:34:52,540 | INFO | jarvis | Jarvis ready. Waiting for wake word.
2026-09-12 17:34:52,540 | INFO | jarvis | J.A.R.V.I.S. assistant loop started.
2026-09-12 17:34:59,864 | INFO | jarvis | Wake word detected.
2026-09-12 17:35:05,020 | INFO | jarvis | Command recognized: ide
2026-09-12 17:35:05,022 | INFO | jarvis | Command execution completed.
2026-09-12 17:35:05,022 | INFO | jarvis | J.A.R.V.I.S. response: I've got it, sir.
2026-09-12 17:35:05,022 | INFO | jarvis.tts | JARVIS: I've got it, sir.
2026-09-12 17:35:28,861 | INFO | jarvis | Wake word detected.
2026-09-12 17:35:33,206 | INFO | jarvis | No command detected.
2026-09-12 17:37:09,417 | INFO | jarvis | Jarvis starting.
2026-09-12 17:37:09,418 | INFO | jarvis | Project directory: C:\Users\naren\Downloads\jarvis_windows_no_picovoice\jarvis
2026-09-12 17:37:09,553 | INFO | comtypes.client._code_cache | Imported existing <module 'comtypes.gen' from 'C:\\Users\\naren\\AppData\\Local\\Programs\\Python\\Python312\\Lib\\site-packages\\comtypes\\gen\\__init__.py'>
2026-09-12 17:37:09,553 | INFO | comtypes.client._code_cache | Using writeable comtypes cache directory: 'C:\Users\naren\AppData\Local\Programs\Python\Python312\Lib\site-packages\comtypes\gen'
2026-09-12 17:37:09,717 | INFO | jarvis.tts | Selected TTS voice: Microsoft David Desktop - English (United States)
2026-09-12 17:37:09,717 | INFO | jarvis | TTS warmed up successfully.
2026-09-12 17:37:09,717 | INFO | jarvis | Loading Vosk model.
2026-09-12 17:37:09,717 | INFO | jarvis.stt | Loading Vosk model: C:\Users\naren\Downloads\jarvis_windows_no_picovoice\vosk-model-small-en-us-0.15
2026-09-12 17:37:10,368 | INFO | jarvis.stt | Vosk model loaded
2026-09-12 17:37:10,368 | INFO | jarvis | Vosk model loaded.
2026-09-12 17:37:10,368 | INFO | jarvis | Loading wake-word model.
2026-09-12 17:37:10,506 | INFO | jarvis | Wake-word model loaded.
2026-09-12 17:37:10,508 | INFO | jarvis | Jarvis ready. Waiting for wake word.
2026-09-12 17:37:10,508 | INFO | jarvis | J.A.R.V.I.S. assistant loop started.
2026-09-12 17:37:38,380 | INFO | jarvis | Wake word detected.
2026-09-12 17:37:46,789 | INFO | jarvis | Command session timed out. Returning to wake-word mode.
2026-09-12 17:37:46,789 | INFO | jarvis | Returning to wake-word listening.
2026-09-12 17:37:58,272 | INFO | jarvis | Wake word detected.
2026-09-12 17:38:02,171 | INFO | jarvis | Command recognized: open chrome
2026-09-12 17:38:02,188 | INFO | jarvis | Command execution completed: open chrome
2026-09-12 17:38:02,188 | INFO | jarvis | J.A.R.V.I.S. response: Already on it, sir.
2026-09-12 17:38:02,188 | INFO | jarvis.tts | JARVIS: Already on it, sir.
2026-09-12 17:38:10,077 | INFO | jarvis | Command recognized: open calculator
2026-09-12 17:38:10,095 | INFO | jarvis | Command execution completed: open calculator
2026-09-12 17:38:10,095 | INFO | jarvis | J.A.R.V.I.S. response: As you wish, sir.
2026-09-12 17:38:10,095 | INFO | jarvis.tts | JARVIS: As you wish, sir.
2026-09-12 17:38:15,710 | INFO | jarvis | Command recognized: close [unk]
2026-09-12 17:38:15,711 | INFO | jarvis | Command execution completed: close [unk]
2026-09-12 17:38:15,711 | INFO | jarvis | J.A.R.V.I.S. response: Of course, sir.
2026-09-12 17:38:15,711 | INFO | jarvis.tts | JARVIS: Of course, sir.
2026-09-12 17:38:26,373 | INFO | jarvis | Command recognized: close chrome
2026-09-12 17:38:26,426 | INFO | jarvis | Command execution completed: close chrome
2026-09-12 17:38:26,426 | INFO | jarvis | J.A.R.V.I.S. response: Naturally, sir.
2026-09-12 17:38:26,426 | INFO | jarvis.tts | JARVIS: Naturally, sir.
2026-09-12 17:38:31,562 | INFO | jarvis | Command recognized: calculator
2026-09-12 17:38:31,573 | INFO | jarvis | Command execution completed: calculator
2026-09-12 17:38:31,573 | INFO | jarvis | J.A.R.V.I.S. response: Consider it handled, sir.
2026-09-12 17:38:31,573 | INFO | jarvis.tts | JARVIS: Consider it handled, sir.
2026-09-12 17:38:37,260 | INFO | jarvis | Command recognized: close calculator
2026-09-12 17:38:37,464 | INFO | jarvis | Command execution completed: close calculator
2026-09-12 17:38:37,464 | INFO | jarvis | J.A.R.V.I.S. response: Of course, sir.
2026-09-12 17:38:37,464 | INFO | jarvis.tts | JARVIS: Of course, sir.
2026-09-12 17:38:47,232 | INFO | jarvis | Command recognized: proteus
2026-09-12 17:38:47,233 | INFO | jarvis | Command execution completed: proteus
2026-09-12 17:38:47,233 | INFO | jarvis | J.A.R.V.I.S. response: Done, sir. Another crisis successfully avoided.
2026-09-12 17:38:47,233 | INFO | jarvis.tts | JARVIS: Done, sir. Another crisis successfully avoided.
2026-09-12 17:39:00,060 | INFO | jarvis | Command listening interrupted.
2026-09-12 17:39:00,061 | INFO | jarvis | Returning to wake-word listening.
2026-09-12 17:45:26,850 | INFO | jarvis | Jarvis starting.
2026-09-12 17:45:26,851 | INFO | jarvis | Project directory: C:\Users\naren\Downloads\jarvis_windows_no_picovoice\jarvis
2026-09-12 17:45:26,942 | INFO | comtypes.client._code_cache | Imported existing <module 'comtypes.gen' from 'C:\\Users\\naren\\AppData\\Local\\Programs\\Python\\Python312\\Lib\\site-packages\\comtypes\\gen\\__init__.py'>
2026-09-12 17:45:26,942 | INFO | comtypes.client._code_cache | Using writeable comtypes cache directory: 'C:\Users\naren\AppData\Local\Programs\Python\Python312\Lib\site-packages\comtypes\gen'
2026-09-12 17:45:27,108 | INFO | jarvis.tts | Selected TTS voice: Microsoft David Desktop - English (United States)
2026-09-12 17:45:27,108 | INFO | jarvis | TTS warmed up successfully.
2026-09-12 17:45:27,109 | INFO | jarvis | Loading Vosk model.
2026-09-12 17:45:27,109 | INFO | jarvis.stt | Loading Vosk model: C:\Users\naren\Downloads\jarvis_windows_no_picovoice\vosk-model-small-en-us-0.15
2026-09-12 17:45:27,823 | INFO | jarvis.stt | Vosk model loaded
2026-09-12 17:45:27,823 | INFO | jarvis | Vosk model loaded.
2026-09-12 17:45:27,823 | INFO | jarvis | Loading wake-word model.
2026-09-12 17:47:10,035 | INFO | jarvis | Jarvis starting.
2026-09-12 17:47:10,036 | INFO | jarvis | Project directory: C:\Users\naren\Downloads\jarvis_windows_no_picovoice\jarvis
2026-09-12 17:47:10,125 | INFO | comtypes.client._code_cache | Imported existing <module 'comtypes.gen' from 'C:\\Users\\naren\\AppData\\Local\\Programs\\Python\\Python312\\Lib\\site-packages\\comtypes\\gen\\__init__.py'>
2026-09-12 17:47:10,126 | INFO | comtypes.client._code_cache | Using writeable comtypes cache directory: 'C:\Users\naren\AppData\Local\Programs\Python\Python312\Lib\site-packages\comtypes\gen'
2026-09-12 17:47:10,287 | INFO | jarvis.tts | Selected TTS voice: Microsoft David Desktop - English (United States)
2026-09-12 17:47:10,287 | INFO | jarvis | TTS warmed up successfully.
2026-09-12 17:47:10,287 | INFO | jarvis | Loading Vosk model.
2026-09-12 17:47:10,287 | INFO | jarvis.stt | Loading Vosk model: C:\Users\naren\Downloads\jarvis_windows_no_picovoice\vosk-model-small-en-us-0.15
2026-09-12 17:47:10,942 | INFO | jarvis.stt | Vosk model loaded
2026-09-12 17:47:10,942 | INFO | jarvis | Vosk model loaded.
2026-09-12 17:47:10,943 | INFO | jarvis | Loading wake-word model.
2026-09-12 17:47:10,943 | INFO | jarvis.wake_listener | Loading wake-word model...
2026-09-12 17:47:10,943 | ERROR | jarvis.wake_listener | Failed to load wake-word model.
Traceback (most recent call last):
  File "C:\Users\naren\Downloads\jarvis_windows_no_picovoice\jarvis\wake_listener.py", line 59, in load_wake_model
    _MODEL = Model(
             ^^^^^^
  File "C:\Users\naren\AppData\Local\Programs\Python\Python312\Lib\site-packages\openwakeword\utils.py", line 686, in wrapped
    return func(*args, **new_kwargs)
           ^^^^^^^^^^^^^^^^^^^^^^^^^
  File "C:\Users\naren\AppData\Local\Programs\Python\Python312\Lib\site-packages\openwakeword\model.py", line 146, in __init__
    if ".tflite" in mdl_path:
       ^^^^^^^^^^^^^^^^^^^^^
TypeError: argument of type 'WindowsPath' is not iterable
2026-09-12 17:47:22,174 | INFO | jarvis | Jarvis starting.
2026-09-12 17:47:22,174 | INFO | jarvis | Project directory: C:\Users\naren\Downloads\jarvis_windows_no_picovoice\jarvis
2026-09-12 17:47:22,261 | INFO | comtypes.client._code_cache | Imported existing <module 'comtypes.gen' from 'C:\\Users\\naren\\AppData\\Local\\Programs\\Python\\Python312\\Lib\\site-packages\\comtypes\\gen\\__init__.py'>
2026-09-12 17:47:22,261 | INFO | comtypes.client._code_cache | Using writeable comtypes cache directory: 'C:\Users\naren\AppData\Local\Programs\Python\Python312\Lib\site-packages\comtypes\gen'
2026-09-12 17:47:22,429 | INFO | jarvis.tts | Selected TTS voice: Microsoft David Desktop - English (United States)
2026-09-12 17:47:22,429 | INFO | jarvis | TTS warmed up successfully.
2026-09-12 17:47:22,429 | INFO | jarvis | Loading Vosk model.
2026-09-12 17:47:22,430 | INFO | jarvis.stt | Loading Vosk model: C:\Users\naren\Downloads\jarvis_windows_no_picovoice\vosk-model-small-en-us-0.15
2026-09-12 17:47:23,106 | INFO | jarvis.stt | Vosk model loaded
2026-09-12 17:47:23,106 | INFO | jarvis | Vosk model loaded.
2026-09-12 17:47:23,106 | INFO | jarvis | Loading wake-word model.
2026-09-12 17:47:23,106 | INFO | jarvis.wake_listener | Loading wake-word model...
2026-09-12 17:47:23,106 | ERROR | jarvis.wake_listener | Failed to load wake-word model.
Traceback (most recent call last):
  File "C:\Users\naren\Downloads\jarvis_windows_no_picovoice\jarvis\wake_listener.py", line 59, in load_wake_model
    _MODEL = Model(
             ^^^^^^
  File "C:\Users\naren\AppData\Local\Programs\Python\Python312\Lib\site-packages\openwakeword\utils.py", line 686, in wrapped
    return func(*args, **new_kwargs)
           ^^^^^^^^^^^^^^^^^^^^^^^^^
  File "C:\Users\naren\AppData\Local\Programs\Python\Python312\Lib\site-packages\openwakeword\model.py", line 146, in __init__
    if ".tflite" in mdl_path:
       ^^^^^^^^^^^^^^^^^^^^^
TypeError: argument of type 'WindowsPath' is not iterable
2026-09-12 17:49:21,020 | INFO | jarvis | Jarvis starting.
2026-09-12 17:49:21,021 | INFO | jarvis | Project directory: C:\Users\naren\Downloads\jarvis_windows_no_picovoice\jarvis
2026-09-12 17:49:21,106 | INFO | comtypes.client._code_cache | Imported existing <module 'comtypes.gen' from 'C:\\Users\\naren\\AppData\\Local\\Programs\\Python\\Python312\\Lib\\site-packages\\comtypes\\gen\\__init__.py'>
2026-09-12 17:49:21,107 | INFO | comtypes.client._code_cache | Using writeable comtypes cache directory: 'C:\Users\naren\AppData\Local\Programs\Python\Python312\Lib\site-packages\comtypes\gen'
2026-09-12 17:49:21,267 | INFO | jarvis.tts | Selected TTS voice: Microsoft David Desktop - English (United States)
2026-09-12 17:49:21,267 | INFO | jarvis | TTS warmed up successfully.
2026-09-12 17:49:21,267 | INFO | jarvis | Loading Vosk model.
2026-09-12 17:49:21,267 | INFO | jarvis.stt | Loading Vosk model: C:\Users\naren\Downloads\jarvis_windows_no_picovoice\vosk-model-small-en-us-0.15
2026-09-12 17:49:21,919 | INFO | jarvis.stt | Vosk model loaded
2026-09-12 17:49:21,919 | INFO | jarvis | Vosk model loaded.
2026-09-12 17:49:21,919 | INFO | jarvis | Loading wake-word model.
2026-09-12 17:49:21,919 | INFO | jarvis.wake_listener | Loading wake-word model...
2026-09-12 17:49:22,050 | INFO | jarvis.wake_listener | Wake-word model loaded: C:\Users\naren\AppData\Local\Programs\Python\Python312\Lib\site-packages\openwakeword\resources\models\hey_jarvis_v0.1.onnx
2026-09-12 17:49:22,050 | INFO | jarvis | Wake-word model loaded.
2026-09-12 17:49:22,052 | INFO | jarvis | Jarvis ready. Waiting for wake word.
2026-09-12 17:49:22,052 | INFO | jarvis | J.A.R.V.I.S. assistant loop started.
2026-09-12 17:49:22,052 | INFO | jarvis.wake_listener | Wake-word listener started.
2026-09-12 17:49:22,938 | INFO | jarvis.wake_listener | Listening for wake word...
2026-09-12 17:50:09,018 | INFO | jarvis.wake_listener | Wake-word listener interrupted.
2026-09-12 17:50:09,077 | INFO | jarvis.wake_listener | Wake-word listener started.
2026-09-12 17:50:09,913 | INFO | jarvis.wake_listener | Listening for wake word...
2026-09-12 17:50:12,793 | INFO | jarvis.wake_listener | Wake-word listener interrupted.
2026-09-12 17:50:12,839 | INFO | jarvis.wake_listener | Wake-word listener started.
2026-09-12 17:50:13,189 | INFO | jarvis.wake_listener | Wake-word listener interrupted.
2026-09-12 17:50:13,231 | INFO | jarvis.wake_listener | Wake-word listener started.
2026-09-12 17:50:14,056 | INFO | jarvis.wake_listener | Listening for wake word...
2026-09-12 17:51:39,199 | INFO | jarvis | Jarvis starting.
2026-09-12 17:51:39,199 | INFO | jarvis | Project directory: C:\Users\naren\Downloads\jarvis_windows_no_picovoice\jarvis
2026-09-12 17:51:39,288 | INFO | comtypes.client._code_cache | Imported existing <module 'comtypes.gen' from 'C:\\Users\\naren\\AppData\\Local\\Programs\\Python\\Python312\\Lib\\site-packages\\comtypes\\gen\\__init__.py'>
2026-09-12 17:51:39,289 | INFO | comtypes.client._code_cache | Using writeable comtypes cache directory: 'C:\Users\naren\AppData\Local\Programs\Python\Python312\Lib\site-packages\comtypes\gen'
2026-09-12 17:51:39,468 | INFO | jarvis.tts | Selected TTS voice: Microsoft David Desktop - English (United States)
2026-09-12 17:51:39,468 | INFO | jarvis | TTS warmed up successfully.
2026-09-12 17:51:39,468 | INFO | jarvis | Loading Vosk model.
2026-09-12 17:51:39,468 | INFO | jarvis.stt | Loading Vosk model: C:\Users\naren\Downloads\jarvis_windows_no_picovoice\vosk-model-small-en-us-0.15
2026-09-12 17:51:40,158 | INFO | jarvis.stt | Vosk model loaded
2026-09-12 17:51:40,158 | INFO | jarvis | Vosk model loaded.
2026-09-12 17:51:40,158 | INFO | jarvis | Loading wake-word model.
2026-09-12 17:51:40,158 | INFO | jarvis.wake_listener | Loading wake-word model...
2026-09-12 17:51:40,304 | INFO | jarvis.wake_listener | Wake-word model loaded: C:\Users\naren\AppData\Local\Programs\Python\Python312\Lib\site-packages\openwakeword\resources\models\hey_jarvis_v0.1.onnx
2026-09-12 17:51:40,305 | INFO | jarvis | Wake-word model loaded.
2026-09-12 17:51:40,306 | INFO | jarvis | Jarvis ready. Waiting for wake word.
2026-09-12 17:51:40,306 | INFO | jarvis | J.A.R.V.I.S. assistant loop started.
2026-09-12 17:51:40,306 | INFO | jarvis.wake_listener | Wake-word listener started.
2026-09-12 17:51:41,174 | INFO | jarvis.wake_listener | Listening for wake word...
2026-09-12 17:52:37,015 | INFO | jarvis.wake_listener | Wake-word listener interrupted.
2026-09-12 17:52:37,066 | INFO | jarvis.wake_listener | Wake-word listener started.
2026-09-12 17:52:37,901 | INFO | jarvis.wake_listener | Listening for wake word...
2026-09-12 17:52:40,381 | INFO | jarvis.wake_listener | Wake-word listener interrupted.
2026-09-12 17:52:40,421 | INFO | jarvis.wake_listener | Wake-word listener started.
2026-09-12 17:52:41,251 | INFO | jarvis.wake_listener | Listening for wake word...
2026-09-12 17:55:40,229 | INFO | jarvis | Jarvis starting.
2026-09-12 17:55:40,230 | INFO | jarvis | Project directory: C:\Users\naren\Downloads\jarvis_windows_no_picovoice\jarvis
2026-09-12 17:55:40,334 | INFO | comtypes.client._code_cache | Imported existing <module 'comtypes.gen' from 'C:\\Users\\naren\\AppData\\Local\\Programs\\Python\\Python312\\Lib\\site-packages\\comtypes\\gen\\__init__.py'>
2026-09-12 17:55:40,334 | INFO | comtypes.client._code_cache | Using writeable comtypes cache directory: 'C:\Users\naren\AppData\Local\Programs\Python\Python312\Lib\site-packages\comtypes\gen'
2026-09-12 17:55:40,529 | INFO | jarvis.tts | Selected TTS voice: Microsoft David Desktop - English (United States)
2026-09-12 17:55:40,529 | INFO | jarvis | TTS warmed up successfully.
2026-09-12 17:55:40,529 | INFO | jarvis | Loading Vosk model.
2026-09-12 17:55:40,529 | INFO | jarvis.stt | Loading Vosk model: C:\Users\naren\Downloads\jarvis_windows_no_picovoice\vosk-model-small-en-us-0.15
2026-09-12 17:55:41,220 | INFO | jarvis.stt | Vosk model loaded
2026-09-12 17:55:41,220 | INFO | jarvis | Vosk model loaded.
2026-09-12 17:55:41,220 | INFO | jarvis | Loading wake-word model.
2026-09-12 17:55:41,220 | INFO | jarvis.wake_listener | Loading wake-word model...
2026-09-12 17:55:41,362 | INFO | jarvis.wake_listener | Wake-word model loaded: C:\Users\naren\AppData\Local\Programs\Python\Python312\Lib\site-packages\openwakeword\resources\models\hey_jarvis_v0.1.onnx
2026-09-12 17:55:41,362 | INFO | jarvis | Wake-word model loaded.
2026-09-12 17:55:41,364 | INFO | jarvis | Jarvis ready. Waiting for wake word.
2026-09-12 17:55:41,364 | INFO | jarvis | J.A.R.V.I.S. assistant loop started.
2026-09-12 17:55:41,364 | INFO | jarvis.wake_listener | Wake-word listener started.
2026-09-12 17:55:42,276 | INFO | jarvis.wake_listener | Listening for wake word...
2026-09-12 17:55:54,756 | INFO | jarvis.wake_listener | Wake-word listener interrupted.
2026-09-12 17:55:54,811 | INFO | jarvis.wake_listener | Wake-word listener started.
2026-09-12 17:55:55,176 | INFO | jarvis.wake_listener | Wake-word listener interrupted.
2026-09-12 17:55:55,218 | INFO | jarvis.wake_listener | Wake-word listener started.
2026-09-12 17:55:56,037 | INFO | jarvis.wake_listener | Listening for wake word...
